"id","loss"
7933,18.1092
101860,0
62580,0
1760,0
48008,0
9308,7.3634
27862,0
87760,0
53334,2.1146
72303,10.0339
63146,0
36604,3.5329
39206,16.6434
50474,5.9031
1660,0
67950,11.2531
74349,0
96978,20.6702
103963,0
22864,0
104188,9.3353
52124,0
26981,0
101249,3.7848
60994,0
54048,0
23152,0
87609,6.5936
1645,0
32215,0
8457,4.4973
35286,0
2664,0
24630,6.9828
1034,0
86936,0
4673,0
60383,0
17295,0
56597,0
76783,13.0255
45203,0
31872,0
99848,6.5365
76925,0
40341,0
64496,0
10570,0
18661,0
13349,12.1399
82216,0
97609,7.3753
75684,0
90470,0
68891,2.9333
84265,7.6721
76082,0
65249,2.5965
26309,0
6316,0
61423,0
45925,14.6649
44881,0
98670,0
86874,6.2566
36521,0
105253,0
70144,8.3221
66290,7.4124
25249,8.2831
33328,0
102791,0
33738,4.0411
14880,0
23577,0
71673,5.4223
18267,0
91413,0
722,0
25533,0
74993,10.9166
10577,4.4757
56706,0
102511,12.2544
31788,9.3939
22955,0
17906,0
26366,7.6044
28918,0
12485,2.6635
97060,0
90980,5.7718
48602,0
74330,0
37480,0
73825,0
6992,3.0719
7726,0
35991,10.0982
16781,4.817
89629,0
92804,3.8037
69162,0
26166,2.8094
88287,3.014
42483,5.1678
71127,0
46995,0
16468,8.0305
71191,9.6111
11370,6.2159
32933,0
1299,0
72209,0
78129,0
4278,0
24759,7.918
49737,4.9357
90044,0
56084,0
98905,5.9244
97111,0
3656,8.0881
91114,0
10241,0.753
5097,0
9811,0
35136,0
41857,0
52546,0
74687,8.0138
8411,11.7562
17167,0
99534,9.1663
64382,0
11216,13.5454
8373,0
89549,0
97119,12.0964
13939,18.775
21850,4.657
66529,0
66342,0
35593,0
43466,8.6895
90106,0
86147,0
74540,5.8425
5728,31.1604
79732,0
22374,0
90737,0
24558,13.6039
90275,0
69613,0
53741,0
7927,4.8043
46681,2.8567
14641,3.2841
11516,0
39058,0
104000,13.9368
28216,10.7464
90578,0
47205,4.0245
82203,4.3798
13999,0
43071,6.4591
46242,6.4839
52968,0
25520,8.0145
88227,18.3338
20699,11.579
44400,0
15859,0
57865,2.8109
39734,0
72286,0
51383,0
12652,0
51130,0
97918,0
32955,0
77753,0
27149,0
46723,0
79096,12.2827
2826,0
34486,4.5792
103084,0
95783,0
66097,0
93310,0
93085,6.5161
12516,0
61607,0
74798,0
27939,0
16338,0
31171,0
96613,7.0641
39898,6.0426
16985,3.3552
33707,11.1506
86174,0
95574,4.0318
11453,16.8339
41194,3.3339
19405,0
16518,0
44097,0
3713,4.0835
55333,12.3615
98717,0
74049,0
2666,6.8224
94640,5.042
17098,4.3027
60811,0
80949,0
72377,6.8936
43454,0
102794,4.5048
75929,0
41452,0
12256,5.2085
54781,0
89089,0
77570,0
93484,4.9452
86074,0
32877,4.8079
102433,0
42357,7.9111
68091,0
52351,0
10830,0
58413,0
29812,0
83441,0
4301,2.6285
25142,4.9885
21334,4.2036
59827,0
50201,0
8351,0
23069,2.6919
86987,8.9464
64831,4.3744
5019,0
102340,0
43528,7.853
74355,4.4054
90235,0
84998,0
5373,0
23124,0
80987,8.8475
29426,0
51986,0
103304,11.007
71961,4.551
12987,1.9278
12702,0
86958,4.1281
75168,0
15728,13.7203
11519,0
39897,18.805
47174,0
27673,14.9963
58257,0
9487,17.9683
32305,9.4206
46115,23.2764
71386,0
19476,2.4352
36018,0
59624,0
39949,0
50484,4.8151
104440,4.8358
91952,15.2283
41368,0
68797,0
100013,0
3321,0
8370,0
88190,3.3203
23166,0
89756,0
40993,3.5764
50944,11.3307
51047,0
104087,0
94081,0
39233,0
62522,6.5812
60989,0
38386,8.5954
101775,0
95677,8.6457
28848,9.505
104772,0
40047,0
42496,5.3307
13346,0
19125,0
28606,4.7689
75950,0
64957,7.2927
100573,0
65920,4.2013
1544,0
10913,12.0578
97054,0
26429,0
36674,0
51557,0
54224,0
97796,0
30934,0
73286,0
99323,0
30574,14.522
31873,2.5051
72620,18.6766
77823,0
35701,0
1335,0
40783,5.8638
20374,3.8299
46595,0
46271,0
88909,11.75
82420,18.4867
30369,0
11531,4.6588
48672,0
103081,0
3090,5.9032
52354,0
50639,0
11837,0
101879,0
11252,0
104815,1.4254
24139,18.7168
5556,10.3425
92420,11.6298
89364,6.1351
86241,5.0847
12715,0
78886,12.6879
100472,8.2644
59758,0
15835,2.9235
78860,0
81498,7.8211
69286,0
13976,0
7266,0
26410,15.896
95435,0
65610,0
32531,3.5074
77361,5.0706
70992,9.5079
40457,10.9106
16028,0
92814,0
49870,0
36405,0
28201,3.8654
95639,6.4138
48432,3.5823
40002,0
63356,19.8077
29874,0
85085,5.867
48498,5.6321
52519,0
23446,16.3346
29458,0
14640,0
63638,9.0309
41534,21.1289
45313,0
35113,0
104484,0
18812,6.7962
54920,0
73993,0
17826,11.9446
28925,0
64179,0
22343,0
2528,3.0252
25727,17.4767
17196,24.3392
44555,0
31654,26.0132
26181,0
22414,11.2589
70408,0
85682,0
58705,0
74086,0
27471,7.9006
59930,3.0006
77654,5.8745
27136,13.9916
28254,8.0184
22485,4.201
40592,5.4014
29755,16.0351
18977,12.3813
48949,0
39953,13.2435
81306,10.3434
42055,0
103517,3.5107
28187,19.215
78709,4.9965
33980,6.8943
13957,0
81063,4.9875
4638,0
66669,0
98790,6.2764
100294,0
104017,0
3100,0
73955,0
19411,0
78814,0
49679,13.0512
84739,4.0476
41937,7.4173
48365,4.4568
2060,0
2396,0
75181,0
70210,0
29550,7.612
30095,0
56488,4.7256
5884,0
35065,0
86114,3.8871
17997,0
72124,0
51702,5.9636
78647,0
80914,3.9777
49338,0
36147,0
36349,0
25111,13.0963
54605,0
51106,9.7785
70097,0
30202,4.5711
55005,0
9759,15.6822
32279,9.564
37077,4.6446
82744,6.9864
62687,6.2777
37531,3.2736
44474,0
16663,0.718
93540,0
34016,5.9809
64507,0
53094,19.98
43207,4.6814
5350,0
6523,5.8345
76642,0
83325,0
14139,7.9728
102684,0
41468,8.7567
76385,0
23190,0
48338,4.889
14520,0
36785,0
13760,0
55383,10.2963
95203,0
76222,10.0551
7024,0
44598,6.8567
76006,0
76225,0
57034,5.7546
57268,17.0887
73093,8.2042
33977,0
38828,0
46327,14.6571
81033,0
26452,0
41973,7.8815
38019,6.3873
55990,0
90265,0
8793,0
84499,0
15087,5.048
85208,0
66041,0
84032,8.4775
44149,22.5274
10606,7.7673
33730,8.6392
87714,1.6875
94660,0
82354,20.9889
9181,0
103322,4.6631
60924,3.4361
19035,2.47
94301,2.8629
30083,11.532
32029,0
29276,0
34,8.3063
56621,9.9628
95559,6.9281
60809,0
41051,5.961
93586,0
79177,0
67227,0
68546,3.4766
61731,0
103314,0
94927,6.7072
7893,0
75351,0
15682,4.3951
58785,4.7128
57770,2.7517
18679,0
38229,0
20977,0
46823,0
17988,0
4771,0
36323,16.2764
19350,4.6888
3462,4.7932
21427,3.4093
49100,0
48970,2.7086
39889,27.7359
103567,0
53785,0
104303,0
60112,0
23418,0
75103,5.5607
4379,0
104356,4.167
74133,0
35547,0
22424,0
14183,5.0814
65687,0
21981,9.0743
81458,3.3482
63274,0
76057,8.001
91368,21.2327
42312,17.2103
25453,7.6135
77795,7.8249
49004,0
71471,5.109
31367,0
24108,20.5288
23878,6.6516
72181,0
16421,8.2566
86922,5.6777
4472,0
1738,0
102961,6.894
69390,9.7626
103108,9.4846
75924,10.4494
9500,0
55944,0
20815,20.444
43581,0
52979,0
78858,7.1149
60560,0
73837,2.4942
59584,4.9624
48782,0
51521,10.9583
96210,0
65137,0
56075,0
37146,0
1127,0
89445,0
57288,3.1724
61898,3.2523
65134,0
27400,0
76089,0
91491,0
51552,0
37293,0
62740,4.641
16387,0
12721,0
29948,0
71536,0
6134,0
90268,0
3965,4.0252
76763,0
32710,0
11731,12.6474
79639,7.5916
62504,4.2075
52505,0
53954,8.5323
45029,0
58454,0
92621,3.6171
26025,4.93
80053,0
69338,11.5472
21155,9.6806
34513,10.6718
9791,0
63629,0
42876,0
45116,9.7052
73977,0
36942,11.1673
30730,9.4521
9757,0
12682,9.8352
12492,16.0689
89100,0
33504,6.8909
53541,0
85354,12.2596
36759,0
94324,3.5108
6001,0
69379,0
3780,8.9407
4370,7.2019
93097,8.447
101718,6.5629
18992,0
13050,2.6737
18009,16.8117
6739,7.2556
28158,20.6077
46135,0
93692,10.914
52830,0
36464,0
75014,0
31535,0
23621,0
31216,0
11143,10.5772
50704,3.8056
32669,8.3459
34838,0
89409,0
85619,6.1303
82572,4.4707
38049,0
23583,0
89405,0
77021,0
6773,3.5723
41294,0
84969,0
50450,0
80239,1.3467
95982,11.3209
65376,0
22103,8.2841
1641,6.1956
72461,0
39984,5.6319
71433,16.741
41313,0
22602,4.0937
39730,0
79017,0
56278,6.4924
48524,8.8721
87699,0
91689,7
9937,0
61246,0
74574,0
71055,0
75288,0
84324,14.5193
55102,0
104751,0
74068,0
5621,6.7315
64391,0
65500,8.8254
34856,0
91543,0
2152,0
92172,5.23
27262,10.0529
22276,10.4389
49863,0
35339,0
58392,4.8177
75617,3.2548
69490,8.928
94878,0
27432,0
45716,0
103122,0
98259,0
6256,3.0859
47680,5.5795
94216,2.3894
37120,0
38422,0
104699,0
7756,6.1759
6937,9.1172
26605,18.4188
10621,4.8375
6047,17.2275
101902,5.5711
50770,3.088
6409,29.1633
28457,0
31131,0
29800,11.684
75438,6.8013
24330,3.5806
20542,1.1457
53182,0
3775,4.1542
39184,8.176
18356,0
44004,0
37821,6.2474
24265,12.2323
52331,9.2577
28103,0
57925,0
35303,14.2633
99325,0
2588,0
64717,2.0724
22331,4.7327
25689,0
38707,16.3467
45722,5.3028
6027,7.1383
94863,0
69007,0
9115,7.9466
44529,19.7677
98371,16.0422
80690,6.4204
48387,8.0451
89190,0
77589,3.1896
99241,14.5399
37373,4.749
40642,2.9119
48191,7.8446
98979,0
23014,7.9867
100706,4.8478
11428,0
105235,17.6608
64385,0
103532,4.0138
63887,0
64287,0
20840,0
6716,0
97403,0
80931,5.1534
92964,9.0717
28887,7.2941
52176,0
4572,0
45981,0
29334,0
33053,9.4619
103902,0
6319,11.0794
100777,5.8475
65966,5.6752
170,0
12403,2.684
14632,0
90222,0
2596,0
58618,0
15203,16.2361
41240,0
86642,0
20084,3.3066
75744,4.522
66435,0
56882,8.3209
30539,0
71449,6.5951
55106,0
43198,0
15449,0
51596,4.8208
9572,0
102807,0
35272,0
33883,12.068
91023,2.3936
25370,3.0328
55592,0
9440,5.1085
100223,0
72141,3.5828
2655,2.7574
73110,0
29335,16.9256
93960,0
69293,0
97261,3.4137
103438,0
88699,0
68820,5.3325
33208,0
64043,0
88934,4.3516
96802,10.4507
42253,10.0009
89721,3.0346
66625,5.8104
57200,1.8217
38496,0
46003,0
92270,3.3474
84482,0
4582,4.5016
75089,0
26650,0
54335,0
100378,10.1009
85625,11.6594
20665,0
91904,13.1433
55419,0
95410,10.7953
56639,6.7158
69965,3.1267
19979,6.2509
3383,5.6427
76020,4.294
31359,15.1323
12300,5.8039
55065,0
62407,0
20833,0
45611,12.6728
55906,0
57378,0
59775,0
85778,8.063
60724,8.174
5807,7.0368
15901,0
34716,0
39788,4.191
104892,6.5732
97679,0
26245,0
79898,7.4902
96512,4.3093
81050,0
52904,3.3669
46858,0
1164,0
68036,0
61540,0
105328,0
67130,0
101721,0
5597,1.4995
51090,0
29970,0
63868,0
2798,0
59888,0
67392,2.6674
48653,0
10268,0
22040,4.4434
64991,0
8421,14.0217
78652,0
35742,0
93633,5.3665
31978,8.6102
36351,0
3419,0
51244,1.6165
20059,0
27170,0
12801,0
68008,0
28616,7.8222
35850,7.0318
51757,6.5377
74446,0
65899,0
39048,10.6107
34738,0
5709,0
97106,4.4772
30862,0
39204,0
84079,0
69426,11.3202
4277,9.138
12315,0
102257,0
42116,3.3372
8801,0
104099,5.2672
15607,8.4038
53539,0
38081,0
11840,5.1468
42543,0
85406,0
99598,0
43635,0
75938,3.8093
104334,6.527
57227,0
16887,0
69428,7.2136
42565,0
51074,13.7011
49457,3.0217
79415,0
27323,0
26060,0
295,0
23933,16.8028
38738,0
47186,0
35665,11.7464
28154,4.3897
97258,9.0855
9945,5.7467
104194,0
15855,0
47229,3.1242
48173,13.8397
20716,0
26879,3.9022
105238,0
72562,0
33510,15.6389
5668,5.7082
18088,7.2588
20322,0
6525,6.7082
8605,0
101838,0
15041,0
20248,0
105211,0
64998,0
75130,0
11223,0
33040,3.552
29304,9.7589
87078,0
7318,4.2129
61418,0
70131,0
42646,0
38781,0
31996,6.9842
83918,0
34001,0
79657,8.8272
12238,13.3619
21208,0
15413,0
15715,11.2977
72648,0
104483,0
96155,0
83808,4.7763
45849,0
23271,4.9921
101334,3.3879
102202,0
100841,4.9987
34803,0
67968,0
65993,5.3174
31343,10.4995
55752,5.9352
75866,0
46370,10.4838
66882,0
86686,0
78487,0
51736,4.49
28322,0
94436,6.7265
82474,0
15894,0
75629,0
8632,0
23791,0
44178,0
57810,0
90150,0
7273,12.2132
100195,6.8993
37779,17.2196
10684,6.1389
75445,6.9319
21485,6.3141
3052,0
45400,0
101778,0
79564,0
87858,0
64911,0
6506,0
28919,15.0748
21596,5.9059
35786,7.2936
32477,0
61196,9.9776
42296,9.2085
52311,0
98897,0
102,8.2716
23118,0
102660,17.2871
92740,0
19314,5.9301
65096,0
30907,0
71359,0
5794,0
81005,12.2145
55826,0
352,7.7582
33817,4.7208
47392,12.1152
79511,5.1541
63315,0
45033,0
36670,0
45252,0
87963,0
93982,0
19010,11.1264
34664,0
78502,2.8291
67863,0
85588,8.8096
82766,9.0355
86805,14.5809
3967,0
69081,6.9183
23853,0
28531,0
26066,0
1592,7.6443
37712,0
84728,0
86909,4.7568
19431,4.1081
15687,0
7290,0
70503,15.1553
18864,4.4827
75135,14.6115
9519,0
103513,5.7235
100898,0
79416,10.8362
85969,4.565
22613,0
13421,18.4753
80099,0
3218,0
78393,0
99810,0
50681,3.7098
66204,0
6438,14.8598
84238,12.0706
64070,0
19426,5.8784
91967,0.276
46022,0
49736,0
22484,5.2384
91077,0
47858,0
32700,3.6232
51434,2.9158
52243,0
78762,9.1555
29506,0
20963,16.969
85517,3.5736
12655,10.1749
64875,0
54745,0
77644,0
7516,2.3488
50712,0
76670,0
82441,4.2702
5915,0
20667,4.3336
99479,19.5459
89043,0
68899,1.6783
49538,0
38453,9.2829
55764,0
65915,0
102431,12.6969
67431,0
60783,0
21428,0
47480,4.6568
40561,4.2007
105119,0
65286,3.8434
76500,4.8027
66168,0
62479,0
91888,11.7624
68172,0
30711,0
71960,0
9032,0
93107,0
33720,0
101300,0
37013,7.4625
33592,3.5489
31130,7.3031
58456,0
67890,4.5193
10594,4.1246
86236,0
78623,10.3668
70748,10.3189
59474,2.4701
34454,13.69
12209,0
79515,4.3753
18732,0
62938,0
102998,5.9763
4621,0
36916,5.05
72811,0
104610,6.8969
72957,4.3398
41038,0
20949,16.274
82791,10.7361
42350,2.9756
81921,1.916
686,0
31261,0
96501,3.4778
100989,0
22611,4.1758
101496,0
20879,5.7513
57826,0
27330,25.242
4027,0
64259,0
21694,0
30598,0
40854,0
49739,9.814
78439,0
103917,0
22607,8.3025
59552,34.5293
71911,0
91943,4.3628
104773,3.842
29883,9.322
47972,0
19880,7.8679
64858,5.8695
94540,0
101472,13.8811
25177,0
8469,0
77916,12.9748
29718,4.9732
27147,6.4438
31813,16.0694
68724,0
57047,7.3585
36991,8.9369
69923,6.1917
23173,5.4131
54390,6.1372
45253,14.0066
43496,8.8164
7786,0
47300,5.6014
57528,18.9701
40506,0
18025,4.5016
104948,0
36302,7.5249
64792,0
88,0
82198,0
10205,4.2369
98963,0
97936,10.671
100783,0
27553,3.2033
97613,4.053
25073,5.6888
17286,0
60998,1.8063
105089,1.5304
87469,4.8141
37600,6.4104
64341,0
44748,0
58338,2.4895
37986,0
69501,6.3898
66286,8.7222
504,0
74545,0
54056,0
22662,4.8937
104220,0
22183,0
39451,0.3534
2606,1.6244
28200,6.5904
47056,0
103204,7.3607
21087,6.3108
105280,0
27478,0
37055,0
14418,0
33864,7.0276
65841,0
16853,0
59463,8.7837
91319,2.5369
56049,12.4908
41356,2.1201
96298,5.8819
58177,0
86070,5.4451
34785,10.9351
100744,7.3992
29374,7.844
97958,0
81854,4.9636
82255,0
71577,0
73671,3.106
84840,25.7669
99039,14.5806
11240,0
7219,0
101772,0
32805,11.2468
14626,5.0803
104803,0
5251,0
69535,0
97090,12.6687
4079,7.8524
104372,4.0079
99298,12.3676
89645,0
82894,9.7968
98999,4.9295
49176,6.5941
60736,0
25726,0
86395,9.1979
99421,7.3003
12245,0
94528,0
72429,6.4333
78633,0
9291,10.2391
20850,0
7694,6.5309
78192,0
40784,0
32431,0
18345,0
9562,0
73360,2.0128
45186,0
30696,6.9501
88893,5.0042
85322,0
20578,0
50062,0
92407,0
24056,11.0984
9358,0
31527,0
43882,4.1308
71477,5.353
26045,25.6188
82048,0
67203,0
23636,0
6444,5.6346
4660,0
90525,0
76100,0
92062,19.1568
67598,0
90888,9.4645
16905,0
80437,0
56578,0
5582,0
79363,7.6154
104143,13.1507
29179,0
22120,0
60776,8.9563
96352,7.8471
15991,0
72543,0
34121,16.9498
69527,0
22623,0
99717,0
61748,0
86078,0
90897,0
8122,0
31397,15.2418
77869,5.3229
8145,0
63722,0
68976,0
3093,0
51572,0
22065,4.8682
43062,7.9413
9734,0
11792,6.679
40497,0
75177,0
59214,0
28055,0
101942,0
103836,0
29636,0
75691,7.3766
86661,0
26021,5.0975
65428,0
55154,6.9263
91197,7.2652
81250,0
98280,0
54834,2.3395
57850,8.2456
99668,0
28510,6.901
20824,7.9738
69778,18.7612
95548,0
43979,37.2251
50392,0
3919,11.5043
43757,3.4674
47090,6.6031
41658,0
77986,0
77705,0
61750,0
42741,0
63958,0
47332,0
71762,0
31299,0
100541,0
66941,4.2258
82333,0
52666,13.8789
28579,0
48319,2.9063
78007,0
26131,12.1226
73929,12.4319
37298,0
24584,4.9686
38889,0
51144,0
8753,0
26568,0.8291
82937,0
81802,0
74380,0
24582,0
54878,0
70568,11.1098
1070,0
5015,0
60609,0
52931,11.3379
21345,0
100684,0
104882,0
46001,0
54763,0
13256,0
45681,0
67349,0
105244,0
71676,7.3179
82458,0
16879,0
37913,0
66265,3.7551
37412,10.1189
57614,3.3902
94167,0
102486,0
56038,0
30036,0
83279,5.0407
13078,13.6971
88770,5.1744
43356,0
50513,21.8618
60897,18.4335
69684,0
86949,9.419
41106,0
39881,7.5236
88653,0
97198,5.5597
35407,7.3526
47711,0
9281,5.2365
31170,0
68115,13.7657
24406,0
68282,5.0503
95568,0
18341,0
94851,13.0124
659,0
95201,8.6563
92442,0
50666,5.2296
101060,0
26758,8.9453
64675,2.7159
56939,15.0281
12413,0
43125,0
92116,0
15277,12.9399
42282,0
56740,0
40492,4.2247
79749,15.9233
77160,0
82300,0
69201,0
29949,0
80656,0
9794,0
84490,0
16833,8.3905
93888,5.9589
84113,4.6454
7573,7.3451
71224,0
4302,3.1585
98374,0
94496,10.7281
57640,8.0789
99121,0
37715,0
5051,0
99931,3.6379
96443,0
75290,9.6146
103147,0
57736,5.7441
63164,0
101985,15.9952
16930,0
65154,5.8455
26621,8.6825
74404,15.4228
95277,12.8837
50746,0
73312,18.7794
96805,1.4893
56544,0
74504,0
8768,3.9684
77447,3.8725
3747,0
82404,0
59934,0
39393,0
72060,18.281
95874,0
10381,0
15815,0
59665,0
40930,0
46937,5.6915
70950,12.8368
2667,0
88834,0
85924,0
9387,0
25939,0
91864,0
6538,0
62778,0
39033,5.4792
57610,12.5002
39570,1.3388
95217,13.7468
41681,0
57103,1.5235
60530,0
14132,2.8807
4346,0
37459,12.4568
52881,2.402
4180,20.5378
91795,0
32187,0
7759,0
92398,4.9703
41757,0
54214,8.9532
86701,0
4569,0
25363,0
89926,3.3575
59006,12.2784
21756,10.987
74260,0
7660,21.7902
7952,2.4106
10714,5.8453
104847,0
38690,0
74961,0
78458,15.014
13893,0
7067,4.1793
59288,0
70142,2.3438
104604,0
94323,3.4204
79824,0
68838,5.1202
35650,0
46943,0
23095,0
27882,4.8971
66823,0
28063,6.8063
32464,0
18803,0
94733,20.2066
65283,18.6042
38281,0
98984,0
50908,0
70524,0
50952,4.0891
6412,11.5424
91921,0
93296,8.8094
79117,8.9861
2219,5.5733
70297,4.9165
94372,0
75408,0
104634,3.6402
49353,0
34676,0
90618,0
45350,0
99851,17.6251
62027,15.7426
11427,23.452
58948,0
29761,6.0387
1007,0
35503,5.3307
58268,0
1671,1.9381
53029,0
44837,8.7824
65239,3.9609
34377,0
90451,3.9821
31257,0
60923,0
29851,0
39616,6.2524
74346,0
59609,0
56199,0
27694,12.2731
88052,0
19215,0
68835,0
29694,0
26685,3.8424
2070,10.7935
26666,3.3947
76728,9.1414
56181,11.0476
55524,0
63018,0
40669,0
58360,2.3673
72498,0
26092,0
16882,5.3018
54134,0
80952,15.2363
5386,0
99610,0
25665,4.8888
23848,26.3946
35453,0
67650,0
23777,0
24451,6.6216
15177,0
24936,0
99617,6.0853
95888,14.7413
69647,0
92780,2.5121
67066,0
82111,0
28156,8.0118
68756,0
60454,0
47561,0
13037,4.4978
1698,0
33119,4.6114
34868,14.0452
94328,4.6989
105027,6.4703
11347,1.4099
87601,3.123
30854,0
48699,5.7784
13438,0
91403,9.7928
1358,0
86755,4.7561
51007,1.3736
66801,0
40277,0
67321,0
42380,0
34863,7.7991
1392,26.5759
7230,11.502
50503,0
33052,6.1438
92107,8.8722
34531,0
86688,15.273
76036,11.3084
42824,8.3887
17431,7.5125
26572,6.7092
20769,0
12887,21.0103
12932,0
56754,0
5314,0
42526,3.247
22108,5.1694
77988,7.1523
65796,4.6457
26613,0
9848,7.6638
23773,0
92649,1.9471
99438,0
33831,0
20562,11.8251
84910,3.3868
20995,32.8305
26012,17.7537
87568,8.0204
80249,12.0749
68112,0
16030,0
49517,0
5433,0
32546,9.1332
61335,0
72761,0
4516,5.4861
61670,0
4125,6.2306
19990,0
82601,0
101599,0
68136,0
18922,1.8373
39920,2.4451
85965,0
79079,7.1992
75199,0
94126,0
55493,8.3444
59470,12.4954
9095,12.2305
104122,0
83469,5.9863
47152,0
87812,0
77461,0
7238,5.4057
57233,4.7306
95333,10.7198
5215,12.3001
78398,0
46753,0
1543,3.9717
66456,6.0541
68453,0
64874,0
22369,0
31902,15.2832
11707,0
45241,0
68411,0
21748,0
84745,2.0011
63635,0
85434,0
88647,0
25042,0
93282,0
60598,0
22942,0
42187,26.4598
31703,0
69304,7.9236
8913,2.4402
52667,0
83971,7.5986
50194,3.5679
89547,0
105358,5.0297
43272,5.461
62663,2.6522
48354,4.3913
35076,8.1476
56151,6.264
3315,0
20980,0
36181,5.4653
35499,0
69982,0
4862,13.1526
10447,8.422
79873,0
69236,0
790,8.2846
98973,0
39875,3.6642
95396,0
1374,2.7381
93207,9.4379
73985,0
51522,5.6157
96829,8.0282
26430,0
78751,0
37800,0
67151,7.4623
52524,0
90706,9.2124
69458,0
32459,17.1134
70125,0
80163,0
10380,10.1166
38308,17.7208
104566,14.7454
37306,0
62878,0
64280,0
18307,12.2766
14259,8.855
24075,0
45827,3.8014
101302,7.0994
45822,10.5397
103092,0
24379,2.8146
58330,0
29473,0
88463,0
20842,0
84877,4.4559
14846,0
53727,0
78271,0
28294,0
45003,0
67405,5.049
49587,0
29351,0
19085,0
37117,6.874
105011,0
72335,8.3184
86600,0
45806,0
74135,20.1313
38340,15.1787
36200,2.8762
32160,8.3329
98345,0
41503,0
11029,0
43560,0
13311,0
8247,11.592
68495,3.6145
78331,0
103033,10.0921
68598,0
87315,0
28066,12.5092
59209,0
16015,5.3191
16746,0
61830,0
69107,0
90319,6.8365
91598,0
31372,8.8949
81545,2.444
85526,0
104292,0
3075,0
8501,12.3342
97614,0
22383,0
85233,4.901
102886,4.9558
57531,5.1114
81723,0
49415,0
27025,0
100188,17.686
16862,0
53282,0
79572,7.2897
7680,4.7574
13668,3.4144
28013,3.3517
83401,0
79853,0
65382,10.2159
48634,8.8552
58638,36.0572
64680,0
59008,0
34980,6.1104
95004,0
94000,8.5309
63505,0
89396,0
5003,0
6383,0
38931,12.4701
103514,0
5126,8.7877
102983,10.937
39242,0
57635,6.4602
36300,9.9533
98744,3.785
61813,5.8966
22118,2.6976
1529,0
101097,0
12059,13.2038
17408,0
61929,10.089
66338,0
93989,0
86606,5.9853
66427,10.4965
927,0
42970,0
62098,6.9273
75700,3.6668
15506,10.3671
38946,0
62567,0
86727,0
71932,3.6566
63793,6.4631
98050,3.9144
45291,0
46137,10.6137
42600,3.7385
80503,3.4334
86053,8.9718
37071,3.9195
45841,4.4015
80672,13.7992
76053,0
82001,12.9459
53567,0
32713,13.2916
84642,0
36123,5.9727
76339,0
87638,0
82394,7.1805
67218,10.6739
147,0
14604,0
97360,5.1495
1441,4.6014
34703,0
8633,6.0542
42311,10.9662
96770,4.0632
92988,0
104670,0
68785,0
43473,8.2467
100626,9.1603
79120,8.9782
3530,0
19549,0
38483,1.8205
6094,0
46163,0
17780,0
94101,0
41280,9.7478
804,0
54374,0
26428,4.4536
81789,0
84981,0
76745,0
85653,7.5165
46027,0
55949,9.7883
13375,0
79302,8.2958
92021,1.4087
44627,0
47830,2.7916
58148,0
37524,6.8081
50671,0
53971,0
59367,4.9129
102254,0
64397,4.3688
59975,0
38093,12.3868
68915,0
84743,0
41391,5.8713
40898,7.8011
80729,0
53477,0
58269,2.0823
93829,1.4254
66101,4.0458
47992,9.2042
78584,11.5924
73246,0
93370,2.5775
10153,5.5141
9855,3.4723
42996,5.9882
52443,4.9135
84466,0
33943,0
11953,7.0576
81985,0
7609,0
69015,0
38026,3.0759
60371,0
76206,0
81220,0
59019,0
31512,0
52039,0
91210,0
93580,0
60213,0
69632,0
70238,0
69526,16.6009
18027,0
47441,14.7174
27101,5.5133
22009,11.7129
89217,5.9629
39725,11.4727
50133,0
74367,0
59865,4.3827
61381,4.1461
91821,5.9836
66744,0.7851
76624,0
88441,22.3724
33564,18.2193
6804,11.3008
77703,14.2457
43097,5.7799
100977,7.623
83021,0
44382,6.2628
55619,6.6399
57439,9.0738
101828,0
22749,0
95432,0
102635,13.3972
13512,0
55187,0
79626,10.4932
11431,0
62781,6.2818
49758,5.0147
97487,4.3401
13715,9.3524
2553,0
16827,12.9237
24290,0
64134,0
51100,0
44914,4.1872
56748,0
79428,5.6117
65692,8.9227
54504,5.342
88576,0
91208,0
75243,17.4933
45295,0
45570,0
56244,0
41061,6.4675
36081,6.791
96271,0
79579,0
79220,0
93816,0
21924,4.6015
66713,9.8698
102317,8.1866
70372,0
37397,17.5
5142,6.6967
35762,8.8359
77890,0
46407,0
101882,0
16148,10.9265
78301,0
88509,0
84543,0
38167,0
47479,0
94201,11.0202
12098,4.6825
105210,9.8324
17189,0
94391,3.3927
91829,0
25372,0
90258,0
17913,11.9825
25672,0
65354,0
32448,0
2238,8.1849
80624,7.0594
85560,0
71752,0
29807,0
53317,3.8219
21124,0
88988,0
37476,13.6495
6028,0
41709,2.5203
32861,0
25576,0
14088,17.6541
19967,0
34973,1.2337
33869,6.603
63093,1.8773
89468,0
18124,0
97611,5.3252
4242,20.6625
103083,4.5213
57134,3.1952
69270,0
43800,0
70702,0
53657,19.9537
73891,12.951
100919,6.1743
28494,0
33214,16.7253
22842,0
84512,0
73516,7.1097
92945,8.2446
99947,0
67720,0
73681,0
105427,0
34341,0
69525,15.9713
62330,11.8968
76502,0
7097,0
34707,0
64587,1.1399
80377,11.6658
25860,4.7825
79754,0
59734,0
10860,3.2346
80569,14.6491
50930,0
58848,0
96107,0
43739,0
59610,0
91089,0
53427,0
89265,26.4028
61261,21.0829
65637,0
61270,5.6899
15079,0
90561,6.9709
69208,0
15469,0
34109,0
69818,0
71116,4.2952
98784,0
35960,6.7024
18693,0
40941,17.4374
27483,0
17091,0
2159,0
7224,5.5276
71535,8.9189
29121,5.9764
44429,0
31736,0
25617,0
23269,0
7393,12.2212
79083,4.6959
2024,0
59055,8.5224
71896,4.2597
95788,0
94007,0
93147,0
23596,0
12594,0
76683,0
57203,4.88
10942,0
12014,0
49510,0
81138,0
66666,0
320,0
43660,0
23926,0
16992,0
1333,2.382
105178,0
103604,1.183
47546,0
77161,0
101366,0
79467,0
96082,0
48372,5.4415
2108,3.4379
8720,0
82549,0
75034,0
28269,0
77044,0
98420,3.1995
365,0
15207,3.1874
20129,10.0953
71190,4.17
25239,4.5104
100536,0
2511,7.1076
4887,0
54371,0
48208,0
95584,0
39718,13.3336
6684,0
19011,8.6843
57369,13.8466
35445,12.845
67719,0
48955,13.1694
34372,12.314
66113,0
9322,0
101954,22.9388
89795,0
47308,0
11273,0
4615,0
24898,0
33366,3.5306
7429,0
43582,0
29523,9.5355
88336,1.2367
80033,3.9145
43197,5.9269
28557,7.6282
54842,0
51763,0
11360,0
84018,9.5026
105161,0
53575,0
536,0
88333,3.0026
35110,5.0362
70075,0
27779,0
80887,0
55544,0
16055,0
19120,0
59702,0
20522,0
101313,0
43962,0
81023,0
8557,0
72950,6.0495
884,0
7198,7.9508
7385,13.396
102639,0
84970,0
70205,0
33023,0
20068,0
95276,0
49891,0
24464,25.1358
81680,9.6565
73271,0
81125,1.5298
8520,17.2252
96713,0
57400,1.8348
29937,0
50533,0
63405,10.3013
65067,0
105457,3.5415
64553,7.3779
43593,0
21633,4.5165
38845,0
27795,0
8025,5.518
87826,0
61401,0
21504,0
95242,5.0955
26152,8.3821
10609,5.1328
20872,7.5969
27893,0
3797,8.306
95085,0
24664,0
94814,4.6102
33966,9.0294
12477,0
34914,17.2476
98103,0
46220,5.9742
68956,0
93959,0
34673,0
87182,0
30386,0
46491,0
64387,5.3267
3648,0
20041,0
73073,3.9035
77845,0
28587,0
64432,0
13449,4.0848
75913,0
1705,4.4224
80841,0
90130,0
37521,0
49900,0
41189,0
43179,0
95443,0
28101,0
76112,6.494
51202,5.5287
69901,0
87678,0
50883,0
60174,3.5945
44475,0
58499,0
38786,0
85214,0
82247,0
37563,0
28036,0
31102,9.686
9896,4.235
24924,0
74796,0
96354,0
95779,9.344
26407,0
79864,6.583
77893,0
2984,7.1269
88184,0
85186,8.9743
61934,0
51859,5.2659
31628,0
40149,0
57150,0
69995,0
41554,0
104682,0
33696,0
6545,0
105215,0
30739,5.036
60527,2.8471
54539,0
101837,0
99878,0
57364,10.0485
1580,0
58241,4.8514
66647,0
29757,0
98898,0
97480,0
30235,7.4446
11379,0
15302,7.0573
25306,5.4526
94493,9.0433
39413,8.015
69381,0
77382,7.6059
91027,6.5065
32362,0
45588,5.1005
61977,0
89406,0
1395,5.9999
53848,0
89474,0
104012,0
6867,0
17530,5.5593
58401,4.021
48493,8.7696
56660,0
56516,5.3948
10414,0
9803,13.5304
64454,3.1524
7012,0
99993,9.8032
54195,7.7435
84949,6.5907
40430,0
94199,16.9182
96581,3.704
35215,6.2593
89776,0
99486,0
72985,7.7586
100197,0
54477,0
48231,0
78638,15.8242
1532,0
74231,0
54614,2.5817
80549,0
10148,0
45231,17.2381
19870,11.4008
14530,5.1994
83437,0
76790,6.0361
56500,0
9233,12.3672
71257,0
76890,0
27843,9.8452
76104,0
49483,0
51539,1.0109
38656,12.3591
98105,13.8347
1717,0
66509,0
7539,12.3191
22550,0
37232,11.0679
23217,0
75801,5.4787
97742,10.7676
83726,0
98328,0
14893,0
27621,0
94311,6.2566
41035,0
42648,0
26654,0
97625,0
48051,0
19492,13.2538
43281,16.8492
83267,0
61643,3.8133
28543,0
15411,0
57523,0
94683,0
50824,0
25101,0
9083,0
5389,0
80834,11.9106
27416,0
91459,0
82743,0
25468,3.8387
24925,4.7784
84270,4.8952
44088,11.7253
17302,0
86460,5.423
28652,18.2167
42683,7.2208
41422,0
82590,0
56033,4.699
88970,4.3489
2841,0
30605,0
8823,0
88605,5.738
5755,0
8279,6.7294
76663,10.31
40495,0
43468,8.8186
20780,14.4268
56238,0
63523,0
67684,0
12537,0
58823,0
41435,0
34611,4.7766
50343,0
100679,0
29027,4.6047
60120,0
99019,8.3065
18369,0
76756,12.0973
35721,0
60665,0
26639,8.2975
23517,3.1068
17249,0.3871
87048,0
51554,3.9959
72942,0
61698,0
11062,0
24288,2.6667
33196,0
53912,0
51260,0
38384,8.6467
100305,8.51
96293,5.7989
57499,0
94892,0
4284,0
74096,2.5996
10250,7.1748
38883,0
36403,16.3595
70927,0
72460,5.4559
28342,0
6430,16.8745
93659,5.964
38403,0
791,5.5285
17904,5.6037
24390,0
101137,0
60205,0
13580,11.5962
8514,3.2748
54312,0
85799,5.7128
49638,0
101786,0
8770,13.9003
50070,0
22651,0
64498,0
32896,0
58230,0
78784,7.4054
13837,7.411
3140,0
2208,0
43612,0
3961,14.665
49173,5.2474
48664,0
30161,2.4516
75111,0
80591,0
18886,3.7775
34012,14.5299
104268,10.2409
59913,0
48393,0
46237,8.1189
91810,16.544
6847,7.1387
17799,1.9354
16592,8.5583
70621,11.0798
75088,0
87949,0
84149,2.0593
24300,0
64877,0
55976,2.5882
60600,0
77441,9.5673
99264,0
58403,0
44375,0
9900,0
78659,3.8574
33075,4.982
34919,6.2783
16383,13.2999
35426,0
101660,3.5218
79057,0
33465,0
5306,11.0093
694,0
59933,4.3491
81716,8.5681
11315,5.0037
76217,0
33804,0
45631,5.4088
87358,0
54813,6.183
82799,13.7722
89071,6.8378
85001,0
20160,6.6938
59651,0
90902,0
62268,0
14697,4.4328
39983,2.5961
47228,21.4429
28136,0
104327,0
91518,5.2277
92358,1.916
72352,4.7582
9488,5.4931
104366,0
9908,12.8003
37016,7.4505
52841,8.0689
104181,0
1150,5.1322
16489,7.7778
69477,0
74117,0
64654,0
102156,6.1692
4210,1.4015
93393,0
90943,0
16266,0
82749,0
27106,0
83816,0
83059,0
43275,5.6686
48926,0
45685,4.4544
3505,0
68920,0
22139,6.5557
87512,10.0568
23460,24.0451
36174,0
57731,8.8976
48852,3.64
33956,0
13470,0
17500,10.4746
17339,0
3930,0
96371,0
1399,0
25115,5.6306
64845,4.8004
74813,6.7663
37507,0
54695,5.24
33619,0
88343,12.2726
72113,0
97859,0
81611,0
68577,0
100937,0
27855,0
4209,0
26417,8.2707
57271,0
33841,0
93751,2.0691
59567,0
88788,0
102901,4.7894
27138,0
8621,3.0712
101221,0
10435,25.0136
76847,0
42671,0
82854,24.1886
21159,9.1936
52802,0
85,0
59619,0
67941,0
6415,0
88348,4.865
92296,7.4812
5694,13.1815
22896,12.7385
22787,0
61159,5.0285
69315,3.808
26894,0
57643,12.398
40586,20.4399
56913,0
16061,11.3493
29459,0
58284,7.6579
61638,0
53523,19.662
15362,0
61737,10.422
74943,0
45848,0
104161,3.1628
37888,9.7704
102955,7.9442
76761,6.4048
25516,0
80523,0
14989,6.4293
77209,16.9846
39483,0.39
512,0
52617,0
67584,0
101897,8.3587
23786,0
55061,0
63604,0
47475,0
52554,17.9593
5235,3.7703
79949,0
9396,0
39947,0
93931,0
63765,0
20252,0
82249,0
63450,0
80891,11.9612
49696,13.3515
54226,2.8018
19453,5.1337
54338,2.686
22725,0
56442,12.9581
11723,0
68709,0
92685,0
66283,0
82118,12.3575
79793,0
2627,5.5729
47216,0
54515,12.3829
84844,15.071
95236,0
55903,0
71759,8.6021
47834,0
92925,0
37854,8.7028
5095,0
32538,9.1851
76276,0
79244,0
70183,0
63896,0
104886,15.1099
67643,16.7907
29326,0
11923,12.951
36950,8.0606
82459,0
43910,0
1453,0
84804,7.1614
82152,3.4056
15264,0
37755,8.67
55501,1.8499
40368,0
11383,0
29798,0
97151,0
60917,7.4619
58654,2.8098
47887,0
75911,5.5347
88242,0
62772,0
104301,0
90138,10.1002
63537,0
28839,0
78429,7.0161
47603,0
86649,0
75486,0
33058,20.352
77297,0
6269,7.2775
31348,0
91305,0
31157,0
3618,0
21490,6.2114
103426,0
7804,28.2988
3768,3.9596
97602,8.9891
34150,9.7986
3398,0
33481,0
91161,2.6037
54091,12.3677
61943,3.6483
29139,18.1281
26237,0
54985,0
31645,6.6691
25878,0
9301,0
80732,0
22101,0
2793,0
72438,0
10767,4.1684
53980,9.3158
47146,11.0559
104401,0
63452,7.5987
95755,0
90270,12.1733
44928,0
46957,0
98896,0
30343,6.9466
65072,11.8027
89556,0
95075,0
69332,0
67550,0
64151,0
30957,5.4823
60260,4.7537
49869,4.84
23320,5.0558
43299,0
60992,0
47555,9.2526
68407,0
13169,0
38073,0
31018,0
76284,4.8718
102379,0
6760,14.3242
8816,11.155
60073,8.8517
82772,0
104814,4.9768
83915,4.1175
66468,0
42140,0
9549,10.2941
79921,0
97605,0
14901,0
82691,0
20103,0
40012,11.0578
12089,22.6815
61520,4.2738
35958,0
78474,0
44695,0
102674,0
46440,8.419
62814,0
98153,17.0927
19921,0
56116,4.0065
26574,0
40755,0
65985,0
73743,0
60886,5.0952
43252,0
92008,3.3711
57255,0
50269,0
90675,0
69509,0
69435,0
46698,0
89977,0
27004,13.5293
8882,3.4452
83091,0
59023,5.2347
12781,0
55719,0
97443,0
91404,4.1601
71436,5.8452
18221,12.1754
41193,0
56415,0
57414,3.4405
33314,12.9762
1028,0
33129,0
35839,6.0051
102731,8.5353
9853,0
22808,0
39781,0
18152,0
47781,0
15888,0
12454,0
221,0
98978,19.6695
103743,1.421
25500,6.6178
74973,0
16785,4.2486
19795,2.4855
7766,0
93379,0
56385,12.006
42463,7.3422
5643,8.1883
29551,7.1611
5902,10.8478
2234,0
75314,0
97043,0
102599,0
93469,0
3827,6.0958
44452,0
69156,11.8101
87166,12.939
84120,0
84858,5.1392
5620,4.9111
29733,6.1691
87622,0
37398,6.146
75618,0
34971,0
97245,0
95782,22.8583
18771,4.2552
34409,0
19086,0
103718,3.9799
83450,3.9131
12343,0
36227,10.0661
4412,0
92940,6.3573
84177,8.4761
71379,0
25553,5.672
13027,0
68299,0
24047,3.7153
81702,0
41464,0
16810,0
73661,0
78706,6.5044
82191,18.1549
64621,5.4232
75832,5.8618
81365,0
99795,0
33415,0
1211,8.1077
19467,7.5772
13684,0
29091,0
34912,0
30185,0
30406,0
76026,0
40758,0
77742,3.68
39942,0
80063,0
91760,2.6136
72619,0
31821,0
11117,0
17475,5.3981
3239,0
11415,19.1034
58568,0
69834,4.0461
47288,5.6207
30803,8.6355
3131,6.7723
6783,16.3504
19659,5.1739
59329,0
83481,2.7823
28621,0
45210,0
96086,0
69480,0
39995,0
63139,0
59461,0
54277,0
60151,4.4958
6080,0
89070,0
13786,4.2459
28747,0
25561,11.4431
24349,5.4852
32104,29.7441
77864,0
66484,0
56910,0
10943,0
64215,0
17260,0
26551,0
103538,0
68016,0
60044,6.6342
25896,11.0805
37572,3.9718
55092,7.3096
23897,6.0261
55540,5.6608
90827,11.5515
37632,0
79771,6.344
11522,0
54074,0
52960,0
31068,0
99575,0
29257,0
24737,25.3373
8863,6.6406
34532,8.3174
15217,0
62172,0
6692,6.6432
102310,0
78552,4.333
63974,0
87569,10.5789
65815,0
47151,0
64643,0
103400,0
65659,0
72346,0
30637,3.4039
43278,8.1277
12071,0
68621,2.0892
26400,0
48840,6.3723
87395,6.7035
68694,0
100390,5.3047
67983,9.0897
105436,0
73525,16.6972
84348,5.8864
36696,0
99989,0
60437,0
75853,0
69181,0
18860,0
79357,0
102414,0
24377,0
36652,18.2792
91902,0
34087,0
19171,0
42685,0
80429,0
91965,0
90378,0
35412,11.0886
22379,1.6908
95694,0
91224,8.3424
100671,5.6386
51703,0
29371,18.3192
51891,5.3564
63656,0
743,2.2192
5647,0
83725,5.8175
16407,16.1431
53757,0
104079,0
87756,0
13428,10.4073
35874,0
44949,0
1627,0
6128,0
34196,0
76447,0
31644,11.3199
95743,0
9381,0
14191,0.6949
22083,5.6133
54036,0
94897,0
55517,0
68432,0
56963,0
646,0
36676,0
29875,0
93243,6.1896
42788,28.0294
16506,0
92188,9.136
178,0
39399,7.6521
84143,3.8563
49932,2.6106
67195,6.0417
88012,0
34745,12.2131
13229,0
79746,9.3189
26643,9.1242
72145,0
32038,6.3946
45232,7.7384
102103,2.7873
93805,0
34805,0
58768,4.0501
23524,0
47562,0
83178,0
92550,1.7127
67272,0
58193,0
19665,12.0073
86753,7.6638
59186,7.7485
80727,0
31078,0
36020,12.1539
97140,0
94889,0
84620,0
43696,0
36610,0
19289,0
46828,11.0515
53593,0
75231,0
35097,0
47025,0
40505,3.4751
95745,0
36744,6.7913
71567,0
75746,16.0012
65136,0
102947,14.8437
18970,7.1714
64161,0
4481,0
44203,10.6662
55575,16.2554
103208,0
3609,8.9401
91972,3.3684
75362,4.6574
46118,0
23666,9.5978
80513,0
25337,6.0322
103158,0
21263,0
62538,0
85029,12.5199
63913,0
53817,0
97615,0
71811,6.9044
42757,7.8626
82162,5.9892
94574,7.38
30976,0
11309,0
14702,0
30950,0
98656,0
99308,0
81218,0
44431,12.5262
80141,18.0539
86190,4.9997
69473,0
56627,0
22304,7.2597
38208,2.9988
94654,0
24299,3.6457
70396,0
53536,0
78794,7.2657
38301,0
91128,10.346
97248,17.4352
5846,0
63349,0
74620,0
30519,0
104219,0
105349,0
35460,7.0738
9255,7.6742
40363,0
47175,0
45126,0
64001,0
37027,5.1615
93598,7.9296
39210,12.9347
92728,0
94093,0
62004,11.0559
515,0
54337,3.7191
71482,0
76467,0
62534,0
40986,0
33186,6.2427
58882,17.4477
66720,19.1698
32881,6.9977
37256,4.2276
22284,0
104950,0
1221,0
73001,7.5525
19371,0
93497,0
79504,5.9923
58502,9.0484
66629,0.4286
91529,0
53884,8.1796
39720,4.4122
94136,0
96898,0
10373,5.0633
10282,0
99526,6.4237
68416,6.3776
39365,5.0293
67919,0
67280,0
51428,0
60354,0
12754,4.7889
26411,5.7175
12654,0
15813,0
43517,0
79154,0
85923,0
96237,0
74603,13.6758
53030,9.8809
96625,2.9311
48941,0
99977,2.4405
39586,5.5204
86060,3.1059
83840,0
57521,0
87362,0
28827,18.4613
63849,0
27993,0
37739,0
13147,3.5189
51013,8.0429
71438,0.9119
97266,0
101415,2.206
22271,10.9852
6086,0
86978,6.749
78812,3.3805
8500,0
72037,0
104906,8.7465
81975,7.8481
39661,0
1864,0
70065,0
4976,10.1259
41541,0
16642,6.3856
10067,0
53934,0
95392,8.0024
78962,0
44652,18.1416
68124,0
16179,30.0856
92889,5.189
86279,0
103786,0
21527,0
29822,0
64207,0
22750,0
39125,0
79715,0
2162,0
64535,0
74287,4.281
83519,10.5918
82182,0
68452,17.7891
16158,6.4126
27,0
18637,4.8562
59290,0
11957,8.2982
17200,7.4472
77926,12.9245
70874,9.2155
91847,0
78491,2.06
66080,6.0042
67416,0
85518,6.4073
58309,1.5762
32324,7.8466
57749,1.9544
63786,0
27592,9.5528
70286,3.9585
59699,0
50409,0
50375,16.7269
79768,0
6061,0
42175,0
19286,0
57341,0
86503,0.7816
101645,0
52274,10.7442
13291,1.2699
11754,0
93776,7.5834
64514,0
100745,0
103392,0
62114,0
101574,0
81428,0
11641,0
51178,0
95160,0
56322,5.6621
90963,0
5745,0
53010,7.258
67383,5.2025
76963,0
2555,0
49993,0
26283,0
91703,0
19483,6.6561
77721,0
38382,0
20269,0
10343,3.529
87840,9.3287
41883,12.8911
28680,0
34479,0
41874,0
85414,0
44086,0
40756,0
60737,0
61513,7.99
70193,0
16239,0
85853,2.3307
574,0
88768,0
84601,3.3918
98,0
62245,0
33533,0
31379,0
44467,5.2131
54627,0
16368,8.4847
24743,5.2638
82287,4.5966
10934,0
77362,11.1395
57775,2.6548
31416,0
91686,0
95474,0
19756,19.7561
55238,0
42033,0
80969,0
78984,4.5954
183,0
37177,0
83716,0
32230,7.4193
7139,0
65779,6.0357
6225,8.107
22761,0
24183,0
87221,10.0175
53464,2.7579
53620,0
104795,5.6549
84442,0
75417,12.3941
20284,8.0009
87062,4.1079
65455,0
42792,17.0931
63690,0
101956,8.8412
80492,0
17873,0
48605,0
44345,0
98403,0
4851,12.254
101431,0
1765,0
16348,0
5969,7.2199
39069,3.2725
21464,0
93995,10.1352
96679,0
98906,0
1677,0
103333,0
104961,0.3874
58286,22.7792
752,0
57158,0
22410,0
97483,5.0495
21100,0
44041,0
26992,0
85180,0
87630,0
10513,0
68744,13.2046
50027,0
37850,0
88888,7.6121
13819,6.1592
4256,0
92469,0
27676,15.7458
16809,0
37438,0
87159,9.345
2402,19.4322
100786,0
2896,0
40603,34.4418
39300,0
67856,0
18110,4.4865
11591,9.3856
65869,5.5184
61721,9.6553
82927,7.9866
104361,0
52901,0
81917,5.19
87720,6.5854
13005,13.3372
101402,0
100614,0
33131,10.2246
58946,0
45198,3.8235
93182,0
88640,10.7546
90333,0
4449,0
93357,0
56326,0
54116,15.727
61962,9.3026
34896,0
94953,0
32228,5.2953
12056,0
35634,0
967,0
66569,7.1747
66379,0
58506,0
92853,0
3065,6.6793
6737,7.1617
59991,9.3438
23,0
43844,8.1767
24303,0
85177,0
103381,0
64150,0
32085,10.067
30160,6.7248
89026,0
105335,0
65816,2.3296
69670,0
67413,8.0387
90934,2.819
78733,0
58831,0
26510,9.4486
84104,0
98089,9.1015
61232,5.5405
85273,13.7183
78413,0
79628,3.8025
101730,0
35254,0
78066,0
69454,0
48929,7.4776
12788,13.8727
11323,0
5938,0
31843,0
69855,0
19731,0
98654,0
81072,0
76069,0
89829,0
98357,0
9152,10.6488
87317,0
59952,0
28627,0
119,0
17666,5.6481
15612,6.2412
59203,0
94010,0
100979,0
88873,6.1582
93360,3.3102
19559,0
92885,0
10727,10.8331
9831,10.2534
92109,4.5417
22262,3.1768
44859,0
58315,0
42703,2.7703
83866,12.2665
48753,0
38084,0
77329,3.9784
92602,10.3917
4708,0
31889,0
10602,0
85463,13.1214
19911,0
97922,0
52596,0
29413,0
1410,0
48705,1.5833
23544,10.8331
50235,0
5054,4.9991
63829,5.8579
62952,0
87602,3.4154
7432,4.6252
262,0
41285,4.3931
11124,0
16231,0
18558,12.0224
76732,0
16020,0
90778,0
21995,20.6851
58364,2.5904
72168,0
82579,0
35642,0
98769,6.9481
16740,0
13551,4.4354
100316,20.8117
3821,10.5679
4970,0
100884,0
103470,0
65909,0
42020,0
45889,9.3578
58808,0
15269,0
36023,11.2972
52061,0
61495,11.8823
68764,0
44960,0
52739,0
78610,5.8053
12408,14.9255
10551,0
77164,0
79474,0
97883,0
77684,7.166
101822,23.273
44849,3.0687
84993,0
22926,7.4675
22606,0
83892,0
24468,0
78244,0
34066,0
104759,0
67445,11.4938
88281,3.8179
52190,3.3327
37429,0
56744,0
21589,0
89893,7.5834
79332,12.7513
58277,0
24674,0
25933,0
32610,7.9869
72102,19.3227
23164,11.3515
96252,0
31371,0
19889,3.1052
94492,12.549
75673,11.4219
51337,4.9358
89281,9.274
75307,9.8784
104968,0
27691,0
103032,0
65579,0
2890,0
57535,1.5806
100628,0
78776,0
25653,3.7615
79073,3.8445
68806,23.9254
98923,0
842,0
85446,0
63736,6.8027
78054,37.3512
24574,12.6492
101922,7.0505
60322,0
67959,0
102087,0
24470,0
24746,0
17314,4.4965
57760,0
97368,0
92764,0
38397,0
17553,3.7002
1451,14.7824
70777,8.1251
92092,0
100814,5.7703
5070,9.6263
37565,0
19735,9.1909
37319,0
67240,0
99601,4.2613
467,0
8761,11.413
92681,0
39241,0
59976,0
31966,0
10639,0
24527,0
50569,8.2384
64247,0
29848,0
27475,0
37469,5.1254
50306,5.7144
101285,0
13562,0
15006,8.9677
61498,5.7425
39010,0
31441,0
94233,0
85981,0
105132,0
86473,4.5724
87403,6.3868
38255,0
43430,40.1835
38055,0
29477,0
76509,5.6136
76537,9.4591
44606,8.4169
5557,8.9907
93495,9.4341
66598,0
50264,4.1481
33922,5.1713
90829,0
60430,0
36068,0
664,0
77443,7.586
53481,0
97216,0
64455,0
93367,0
69178,8.2958
92339,0
24023,9.4134
62321,4.3479
5525,8.1939
782,0
52018,0
95640,0
47091,5.7703
79967,15.664
88656,16.7753
89587,4.5502
44205,0
98928,5.9103
44409,0
53720,0
6489,3.0586
16645,0
7618,0
71290,0
23841,3.5997
4513,0
12978,0
8827,7.5352
55825,0
97302,0
83486,4.887
62668,0
95707,11.2032
31835,6.9246
89309,16.1366
17505,6.8358
14651,0
88014,7.933
37285,0
52914,3.8725
78231,0
92205,6.2058
51486,0
88783,0
89375,0
81247,10.9284
95113,0
97952,0
58013,0
23459,5.4887
60145,0
99116,4.4519
94993,8.6705
13109,15.6374
85998,0
93925,7.7915
88827,9.7734
9510,4.2411
59924,1.3388
93077,0
19786,0
99049,0
27464,3
86319,0
49562,9.7503
31311,0
32302,0
18029,13.6703
72681,3.3671
74196,0
13924,9.9922
84596,8.2084
50963,4.0752
15236,0
76707,8.2901
100975,0
25141,1.5129
59523,0
99501,1.1391
50337,0
86354,5.4662
41357,0
25945,4.8417
27233,4.9089
48196,5.2727
20670,0
26925,0
9712,0
84663,5.7859
7993,0
69739,0
61069,0
77019,0
73526,0
28175,11.6233
44877,0
78052,0
54606,0
95797,4.6551
36929,0
101614,1.8603
21491,9.6354
52525,0
33983,0
28202,8.2989
30371,0
1357,0
92461,0
47706,4.2177
46394,12.9045
81479,5.0065
26594,3.0262
56274,0
1979,0
8352,12.9055
81589,0
48194,8.2307
19427,0
90125,0
6419,0
49108,0
49719,3.5736
26226,0
33033,0
39339,12.8048
3353,0
42159,0
55553,4.6099
69055,6.0288
95440,0
38835,0
93730,0
63305,0
96474,7.7483
48288,5.2699
81424,4.0969
77923,0
23886,2.9071
31515,0
65713,0
12386,0
80035,1.5164
28393,0
68268,6.6382
101392,4.7666
103368,0
8656,5.7465
76135,0
76532,0
103371,0
21840,0
36542,0
22598,4.9269
22759,0
95293,0
60086,5.2406
47031,1.5186
34698,0
31187,5.9781
35729,12.3209
85585,0
77224,15.2181
88747,10.6695
60745,14.3697
99481,0
34725,7.9934
36157,0
49610,1.6156
56784,2.3644
24753,9.7633
79936,0
10216,0
44983,0
90264,0
50948,2.1127
22225,4.3686
74443,19.8098
95965,3.4103
39676,0
15212,6.0743
35247,0
85188,1.1499
103851,7.2508
88424,0
96685,0
41794,0
91159,0
80291,0
90088,0
104935,7.8274
6996,8.5964
99040,0
88773,0
575,0
101784,11.7354
193,2.4584
56460,7.4431
84535,4.412
32225,11.679
102329,11.3148
57878,0
57718,3.0804
32532,3.2714
41870,0
80804,0
63396,4.2897
76214,0
28436,0
103607,5.4188
13083,11.1579
48871,0
52628,0
21450,0
71947,0
58589,11.9375
73179,0
17115,13.2921
72518,1.7387
107,0
85484,0
86021,0
66352,0
10311,3.1178
30477,0
8341,0
104092,0
29834,2.7547
65084,0
61906,15.1977
19810,0
81970,4.3929
54877,0
10753,10.1896
46127,5.9499
85441,0
12811,0
74486,4.668
6286,0
31480,8.5289
10446,0
86969,0
41606,5.5888
76442,0
72645,10.5167
76362,0
41489,0
68958,0
101331,11.739
284,0
50358,0
55268,5.4798
43262,0
53183,12.0203
39294,7.4057
7388,3.9967
22590,5.765
55245,3.62
43241,12.3954
27751,0
73303,0
62997,0
101404,6.9628
67211,0
19899,0
51575,0
91029,6.0629
30463,30.1081
91479,0
103774,7.7771
1486,0
67205,7.5118
101048,0
83318,0
46275,0
77220,0
75794,0
91516,5.0658
42535,0
50145,0
1370,0
25674,0
46367,16.4253
56240,0
44048,21.8221
85712,0
56392,0
43839,7.0106
24344,11.4009
32963,0
33558,0
23354,0
79701,3.7557
89614,8.585
78496,0
15654,3.1382
77399,20.0777
42697,0
43872,4.2693
101411,0
59890,4.3653
14104,6.5278
43030,0
81849,0
94818,5.6159
40590,0
13517,0
337,0
54097,11.3191
8262,7.3372
32088,18.2102
18117,4.6509
14187,5.8274
34075,0
71765,0
71538,0
31383,0
3521,0
3980,5.5478
24204,4.3628
45565,13.0209
103255,2.6795
1315,0
80102,0
94518,11.0957
3828,0
79671,19.1237
92049,0
40969,0
95643,7.7361
94665,0
10277,17.5328
59883,0
21388,0
26926,0
97616,0
96702,10.0833
84790,3.8334
11394,0
79533,0
26257,0
78559,6.3699
30300,1.2831
12776,0
86836,18.2108
31965,0
72302,4.9875
82471,0
24428,1.7152
7545,0
69727,0
27538,0
12726,0
59656,8.6576
74448,15.1357
18533,5.1769
101154,0
1361,0
55821,0
88702,0
97156,0
96280,6.5396
85949,0
88515,0
83226,0
49839,1.2957
91160,0
32492,6.9531
37295,12.4904
11939,5.8312
100380,6.4388
95267,10.2543
83098,0
96500,4.8504
27261,6.6534
59645,0
48641,0
77515,0
88552,0
25697,0
56749,0
68581,7.1208
23006,13.323
20308,10.8133
176,0
74413,24.6334
84287,0
17368,0
92070,0
94430,2.4712
91408,5.3391
7200,0
43916,5.6427
50126,0
78024,0
37132,0
41484,0
60497,4.7212
68199,3.3898
85996,0
49360,0
61844,3.7903
22816,0
33327,0
50806,0
53379,5.1676
34009,9.9854
85896,0
30902,5.8644
83699,0
73599,0
73323,0
1084,0
61819,2.0359
17013,0
35422,0
3727,12.5746
59206,10.6673
63657,0
5207,0
10917,3.8307
51167,0
100044,0
81629,0
72131,0
52420,0
10058,0
15921,9.4868
104871,0
60589,0
96601,0
54801,0
29303,0
32607,0
100511,0
7371,8.7787
53124,6.1416
92880,9.6696
65414,3.5608
61827,5.9886
80312,4.1183
28093,29.2269
24267,6.2526
24761,2.2561
15402,0
34720,4.1869
82709,13.0218
16138,0
69092,0
9030,0
4251,0
81426,0
48064,0
78273,0
2977,0
46478,15.2299
25811,7.3519
102713,0
78464,4.3057
37789,8.9178
103254,7.1794
75099,7.369
31488,0.7139
8,3.0829
79383,0
81625,0
73911,0
53139,0
73051,8.0593
94337,0
50720,0
51835,9.109
9700,6.2053
15875,0
38088,13.8247
85790,3.3699
104836,0
23578,0
61030,4.3996
62258,0
69620,0
69875,13.533
13825,4.0328
7995,4.1492
52310,0
85881,8.1612
39673,0
50369,0
90973,0
102959,14.3835
82306,0
97207,4.6641
56977,6.0942
5508,0
28930,2.2789
69229,0
94618,4.9427
86504,0
56263,0
24482,11.2265
11177,31.3967
34798,5.7584
49329,0
84719,12.943
93900,5.6637
6515,0
93602,8.818
74396,1.3808
42729,8.896
9365,2.3451
36,0
66745,0
20460,0
34093,0
53650,0
16731,0
104265,0
25836,6.3195
58109,13.3601
31931,0
95804,6.227
62755,0
48830,0
2347,0
15248,11.8922
37704,0
1584,14.4456
23516,6.6349
60742,0
95495,0
102253,6.9498
101063,0
12260,2.8648
6789,4.1327
1268,0
45144,0
20028,0
82985,5.0828
33618,0
97937,14.7827
99398,0
43328,3.8288
35487,0
37458,17.258
29840,4.5887
47582,0
104137,0
35451,0
62886,4.8193
6853,6.083
18959,0
19221,0
57853,0
92248,0
43236,0
33245,0
26561,6.8983
46777,3.3655
90254,0
92573,4.843
24218,11.5409
74415,18.5204
9722,0
9980,7.8214
77768,0
43026,6.0509
73779,0
44067,0
101832,8.0018
57856,19.6635
39993,0
6390,3.4212
43555,0
82584,0
3958,19.4277
25335,0
102557,0
76751,0
83424,0
86372,0
50116,6.9962
7557,0
62943,0
6108,0
21532,0
7822,0
58836,0
65059,4.3016
63435,0
102237,0
94115,19.81
62867,7.9362
4189,0
65754,0
50296,0
77934,10.9351
35922,0
94846,8.395
30248,0
74592,0
84806,6.3376
26698,9.605
94983,0
12349,0
40493,0
54220,6.4775
86398,4.8999
39603,0
41614,10.7416
81978,7.6891
15348,3.3464
25358,7.5311
38825,0
30912,0
3596,19.3967
14052,0
1035,0
64695,0
17959,0
23089,0
61377,7.1192
50123,0
8539,14.3694
95238,0
2847,0
55035,0
6663,0
2813,0
16794,0
73155,31.8117
17652,0
39176,0
7954,0
95059,7.5631
88541,11.9537
11096,6.3731
22429,0
27942,19.3064
102449,1.7149
33620,0
101408,0
19469,10.4668
25102,0
3067,6.5791
35202,5.7182
87460,8.2471
25288,9.8412
6709,9.6196
52032,5.694
57944,6.5361
49840,6.1249
99260,0
81788,0
8452,14.9011
72765,0
67814,0
29606,0
50086,4.9039
80433,0
104494,0
37963,0
37420,13.7682
4994,21.6236
104502,0
88548,0
45824,0
86144,0
71250,5.5395
24923,10.0387
123,4.9602
74597,20.7107
5083,0
12970,4.9484
14716,0
27806,0
51677,3.4763
15230,3.6235
56230,0
92277,4.0677
66234,2.6993
6704,0
38097,14.6925
81820,0
69016,0
27072,24.6093
36194,0
40518,0
25021,3.5254
90495,0
25673,0
71642,0
32115,0
90172,4.0255
44885,1.8797
40102,14.4451
94206,5.2467
62932,0
25828,0
50208,0
64865,7.8724
83088,8.5108
23472,0
85313,0
105220,0
89732,0
90227,0
73874,1.4543
11842,5.7726
76337,0
95389,7.5973
91732,0
60648,17.5653
102346,7.3961
94809,10.3435
97659,6.4985
88935,2.8349
57506,0
5274,9.0468
87934,0
97569,4.9032
9633,0
23672,9.4106
16679,0
53690,6.3773
72559,0
99736,0
71878,4.4319
69912,4.4234
104516,0
40863,14.4961
22852,4.3296
103069,0
27728,0
49703,31.1177
4190,0
162,3.2835
7352,4.6675
56350,0
44888,14.2373
17324,3.6334
61550,0
36620,0
68877,5.5597
76473,0
85917,0
67920,5.5342
51061,0
35105,0
100029,0
48695,0
90867,0
42430,7.1646
92371,0
33237,0
75930,5.1256
59117,6.9848
94219,3.5089
83862,0
39804,10.2201
49778,0
72465,8.0763
49881,0
68569,0
78768,0
44181,0
60792,0
74063,7.6449
74026,0
94362,0
98889,10.3314
69743,0
78454,0
92684,0
58702,0
18623,21.4793
32790,10.3514
55659,7.6295
71132,6.2784
76384,0
83092,0
59098,0
8810,0
88175,0
1499,7.3707
102812,22.2171
46792,0
100023,7.7151
48937,0
70319,8.1206
6941,0
97914,0
46393,0
86061,0
53860,7.5206
84748,0
91839,0
61651,14.1995
18604,9.6718
75696,0
101643,0
9195,6.7472
26952,4.7612
23543,25.9472
86774,0
73071,0
60591,0
27635,0
60203,0
33915,20.9072
56434,8.1397
76183,8.5309
35997,0
22050,5.3789
93467,5.9296
52322,0
60664,0
52643,0
30748,0
53045,11.2473
82773,0
27001,8.461
58678,0
52571,8.5956
50128,4.7822
98365,0
46379,16.8624
58154,1.3732
97946,0
47237,7.8101
36473,0
86125,0
76331,0
17836,0
91603,4.6435
94082,0
19027,3.227
67440,8.7593
43223,0
54751,0
59345,6.3006
10587,4.6997
34425,0
52128,0
66410,0
59766,4.0404
66786,3.97
31226,0
48466,10.7211
11753,0
59836,0
35393,13.332
8401,11.2595
63511,0.3747
56287,9.6503
25523,0
12267,9.2291
12529,8.2089
38603,10.8554
87498,0
92405,0
10091,0
41329,0.9372
27290,7.784
64471,0
55477,7.2372
82175,17.6304
78851,0
100419,0
16097,3.7915
66111,0
19875,3.861
20569,4.3883
52189,0
12171,0
97624,11.5444
6158,0
1214,0
63861,0
100085,13.4558
62167,0
53634,0
57140,0
52166,0
41880,4.5244
66798,0
61473,4.0429
88897,0
47066,6.2221
4123,1.9484
90552,0
100400,0
102717,7.1694
48308,5.0235
16664,0.1285
31573,0
60587,0
3137,0
32147,0
48203,0
59295,0
60124,0
91707,9.7255
90114,12.7984
102898,6.6487
32738,0
71692,0
68328,9.7535
41758,0
54422,0
93845,18.0303
47044,0
4566,0
51754,15.2532
101240,3.3749
9999,16.913
62252,0
93378,17.6958
18951,0
65,0
4016,5.3675
30491,10.4744
48821,6.6702
68003,0
46173,0
55171,0
98704,0
68575,8.0162
92389,10.1176
22911,0
33014,0
98552,0
17301,9.4022
22538,14.6023
46364,8.1351
10518,7.2558
83068,3.8517
77330,12.7762
42023,0
56000,3.8273
88176,8.223
34213,0
62903,0
51386,6.7557
2992,4.9385
94376,4.3004
12140,0
65433,0
77569,0
68772,0
13451,0
110,0
40813,6.8207
25616,0
105367,0
2354,3.3836
43269,9.4376
61724,0
3538,0
98792,10.7814
19974,12.8753
3453,0
70596,7.1133
31279,0
5346,0
7103,0
18557,9.1576
15708,0
95958,3.8869
26485,9.9471
70769,0
31692,5.5385
73974,4.1871
486,6.157
12662,0
102872,5.7551
7056,9.6756
21199,8.2327
38794,16.226
79342,0
98359,0
57248,0
26128,12.4235
4622,0
101326,0
5633,0
98860,0
6935,2.2126
3082,9.3707
70743,9.8873
24120,3.6742
45856,0
34858,23.144
9254,0
103459,5.2568
37074,3.2094
83627,0
93700,6.9291
45972,0
10224,0
88226,9.7401
72838,0
38793,0
15772,9.2688
48458,17.5756
67570,0
58051,8.5354
9931,7.6636
18621,0
17734,0
86952,7.1672
94246,0
77521,0
24431,11.009
89538,0
68286,0
75893,0
102297,0
1562,0
12701,0
86454,5.0855
48806,0
21027,0
68990,0
21094,0
59660,0
36593,7.9562
55069,5.6976
44009,0
59705,0
65834,17.2211
40879,0
48056,0
55887,0
50081,7.0586
62645,0
3996,10.5922
85485,8.5282
63922,0
54482,0
65217,4.8595
9880,0
61295,0
70919,21.8891
53237,0
36518,0
25593,0
58024,6.4194
80265,0
54913,8.5903
1279,0
1993,0
11534,6.8279
44556,0
90345,0
103766,9.1734
48598,7.1752
13663,8.9812
93825,7.7676
98072,5.5538
103549,7.5569
77771,0
57386,3.7675
13699,0
2591,5.731
66452,13.2741
30570,35.9302
35430,0
26721,12.3182
76885,9.9322
71262,0
34729,21.0113
89816,0
31633,14.7308
20001,6.0267
13003,0
26961,6.4502
86989,0
7619,6.7907
36365,0
1065,9.027
24981,6.3216
31184,6.4571
63572,0
54916,0
56146,0
14762,0
28275,3.287
21095,0
46815,2.9618
71883,5.0013
33970,0
3789,0
72309,2.128
55973,7.2279
51223,5.685
5022,10.2078
42650,0
47101,8.4073
85447,0
101835,0
9681,0
78044,0
72779,12.7285
49915,13.7626
3809,0
35925,0
94347,0
63324,0
46692,10.5151
81763,7.377
18346,0
91898,0
73308,0
95387,0
95493,0
7112,0
96520,0
5191,0
73753,0
37302,5.4946
9189,0
75381,0
76182,0
65621,0
7207,0
50594,0
6253,0
5252,2.0033
86663,7.5406
60896,0
77085,0
8732,0
54735,0
454,0
36898,0
76961,0
69918,0
67289,0
80902,1.5901
96903,7.0699
47328,2.6582
85743,0
2677,0
73664,0
75062,0
43704,0
20718,8.636
88245,0
65347,6.6657
64953,0
92524,6.9575
11793,4.1237
87680,6.1059
99462,0
697,0
45582,0
21092,0
46147,10.1106
89121,0
79340,3.9651
63681,0
86775,15.1845
80961,9.0704
93862,0
36088,7.2923
62463,0
72201,0
84311,7.3208
86015,12.3105
33676,0
39220,0
66847,0
40583,0
42820,0
87344,6.4815
104323,7.9426
21796,0
46640,0
31677,0
5948,9.0226
95108,9.1253
20929,6.4387
3936,3.1856
83714,0
56284,4.2345
48397,4.7854
20266,0
35417,4.2621
27015,7.4171
69930,6.469
30886,0
56777,2.2893
62284,0
60445,2.0069
55288,0
70905,0
79857,0
80644,14.9076
82022,0
16082,0
91105,0
15005,0
68701,0
65288,0
19462,0
72254,0
42396,10.8538
59123,10.7521
30894,0
93246,8.6104
53666,0
14654,2.1143
70985,14.1858
100425,0
70015,0
53330,1.3754
43218,0
68918,10.2919
101873,8.1883
42315,0
36787,0
68507,5.9946
85885,0
51189,0
79459,0
92542,4.5017
99262,0
25312,18.4924
96127,0
84845,0
1240,0
48899,5.6513
94225,5.9229
29977,0
95934,0
63587,0
66463,17.805
20045,0
7193,4.0657
15904,0
105338,0
53017,6.0905
87486,4.238
37355,12.1082
59280,0
34282,0
58460,0
89251,0
48148,9.3485
29114,4.5946
31304,0
23747,11.7646
53031,0
95646,4.613
12429,3.4606
98495,0
19420,0
6089,24.1766
78004,0
69432,0
20658,0
39202,2.9547
67428,0
61398,0
98853,0
24913,13.775
84161,11.9694
78327,0
102668,0
33195,0
14796,0
95578,0
67532,0
62003,3.337
39224,26.2748
23712,7.9078
58717,0
3723,0
102219,3.9549
77904,0
33843,0
51993,5.742
29685,20.9805
20766,0
29422,0
21725,15.8747
55828,14.2059
30305,8.9605
27501,0
65481,5.9729
79985,17.9926
8423,0
83910,9.3747
46565,0
100972,0
99752,5.0264
28483,0
83133,0
62298,0
22010,8.0979
57219,0
96808,8.5317
90853,1.7924
94977,0
46239,4.9711
85017,0
100456,7.1465
44243,7.7289
84690,14.0912
50840,0
17151,6.9866
45140,11.7107
70133,0
73752,20.4788
32860,4.6669
56355,0
95543,0
36838,0
103515,0
11955,7.1233
64620,0
2961,0
26024,0
68468,0
13443,0
101261,0
54557,3.495
16018,11.9071
93392,0
58774,0
40976,12.3108
62809,8.8688
23981,5.7895
85716,5.3677
21547,7.0542
35909,0
53697,4.4771
7699,4.119
84403,0
39577,0
9788,0
5100,0
61968,13.7059
71019,0
32446,0
31974,0
97627,7.0614
98962,0
2752,0
30131,9.5087
7258,8.8354
59131,14.1592
79961,0
3885,0
29202,15.3411
91285,0
104410,0
18372,0
41665,1.5676
13602,0
80869,0
102847,0
14249,5.8302
91025,10.5178
41989,3.4059
38411,0
91749,0
66251,0
80935,4.0702
9543,0
87500,4.5734
59623,0
18926,8.7238
93624,7.252
2758,0
73739,0
13130,8.8291
92343,0
55174,0
63455,0
74455,18.8475
16898,0
48944,16.1498
77725,6.6042
9179,0
35235,3.9965
69573,4.275
67990,0
64217,0
5446,4.5522
91421,0
67235,0
71657,2.3892
48561,10.0739
18000,16.8176
52187,3.3151
61338,22.6583
63839,0
46073,8.7009
63760,8.0248
59486,0
44294,0
98220,18.4748
47013,0
89324,0
68446,0
42843,0
57598,1.5837
6864,0
96422,0
82845,0
40819,0
59315,8.8575
92692,3.8263
16795,0
60282,0
63512,9.2528
53624,0
5489,0
4750,0
67304,7.5649
10184,0
67654,8.1794
31319,0
24682,6.6757
37314,14.5497
61280,7.0349
9262,0
67314,0
105052,10.6461
41548,0
47167,0
93955,0
60618,11.2454
28126,0
20885,0
50412,0
33106,13.2466
100996,4.8074
4626,0
43131,0
101715,5.6527
33554,4.6138
53071,0
70800,3.6056
39391,10.1494
91073,11.8186
69514,7.4502
9817,5.2457
31769,0
25450,8.9654
88598,14.3652
79986,0
39063,13.669
91794,0
18915,0
15981,14.0966
102542,0
78843,3.8567
95003,0
80101,4.1417
70391,6.9542
19562,0
102927,0
73927,0
70244,1.4354
34492,0
53052,18.435
60657,0
90711,4.6923
104107,0
21462,12.9024
16463,0
97189,0
100083,0
92274,0
76193,0
40605,0
20825,0
18096,0
49877,0
23255,4.5666
91544,12.9705
41182,0
83038,0
93806,3.0934
87368,11.5596
44617,0
55418,8.6698
69967,0
29596,0
84409,0
11180,0
227,0
92071,0
97964,9.8824
11613,0
90785,0
72829,0
22884,1.5698
94306,6.6357
83531,0
99111,6.2701
54264,6.4272
21121,6.6695
78275,0
34194,4.2303
49628,3.2324
34998,0
68465,1.4693
21059,17.6989
99511,0
86094,0
93719,7.7351
93613,7.6434
43558,10.4735
78890,0
59591,0
35115,5.7007
12797,0
26542,7.2943
102404,4.445
81518,2.6113
86502,0
7697,0
4963,4.025
44200,0
34563,12.136
78445,0
102094,0
67243,0
43347,4.6454
104859,0
33603,5.8157
3178,0
15568,6.9236
69706,0
5416,0
103481,0
59839,0
84303,0
66663,6.416
2110,0
69244,0
33090,7.3699
76514,0
11349,0.5404
95714,0
82915,0
78558,5.8773
68069,7.9854
65432,0
66070,0
14250,5.2889
62869,0
85633,7.6925
53294,0
8549,0
76757,4.7606
105384,9.1936
70027,0
81230,3.4517
14978,0
75775,0
73986,8.6117
11436,9.4824
90071,6.6632
64588,3.8173
64897,3.6355
5999,0
47991,0
16057,0
68618,5.7698
66364,0
64034,11.3337
42789,0
32173,5.4738
14378,12.9685
16719,0
50470,6.29
47780,0
63207,0
28601,0
60143,0
38143,5.8757
94559,13.9618
55279,11.134
55744,0
25482,0
81385,7.5807
4965,0
91290,16.0337
48087,14.6094
97806,0
59424,7.6244
6809,16.4407
64146,19.256
55489,0
55598,3.1197
53831,0
12920,0
21582,4.6763
102871,0
51398,0
101743,0
27717,5.7783
30347,4.8568
78553,0
88630,10.7735
79128,0
88820,0
16108,3.374
28898,0
21977,9.1972
82139,5.1535
54881,0
38967,13.4555
97486,0
32142,0
35818,0
53642,0
38035,13.2727
7772,7.7779
8821,0
84137,6.3175
103658,0
47751,3.0847
100515,0
31113,0
71709,0
24039,0
61230,2.7391
6838,0
33145,0
77716,0
59152,2.3135
98120,5.5561
71474,9.4528
89691,0
68934,0
89475,0
48472,8.1453
5371,5.9841
105007,0
41907,3.9308
80894,0
62667,0
70810,0
94955,0
18638,4.1278
10868,6.0733
96705,4.7255
15106,0
43618,8.5232
9792,0
97714,0
5883,12.9189
92315,4.2601
102767,0
10992,0
63132,0
89370,9.1542
82809,0
44250,0
52384,0
27259,7.9757
72039,0
76901,20.4259
35375,6.2713
74848,0
56526,9.4142
11477,0
10354,0
96041,4.8718
61735,0
45048,0
35175,10.7361
66277,0
4433,0
75909,8.8517
63412,0
91804,0
34575,9.7566
8579,4.82
81268,6.5593
20081,5.8658
24093,0
75910,2.3124
84888,8.333
100089,2.8615
69694,3.6836
14981,0
3625,0
47616,5.7812
46531,13.3902
45674,3.2527
76134,0
6468,7.0351
78497,0
38080,0
9876,0
74834,0
54339,7.1357
42819,5.0371
12768,0
78323,6.4671
102616,0
21543,2.7288
44313,11.95
60733,0
68437,9.1467
12181,0
13956,0
61248,0
80530,0
49928,0
46921,6.903
56048,0
32387,8.7839
87954,0
71113,6.4831
13415,7.259
95601,6.4881
24622,15.1469
19479,0
39854,0
30385,0
41259,0
31646,10.1943
47799,0
68023,0
16825,0
82960,4.4951
89860,6.1453
49788,7.4885
58135,2.3083
24027,0
14261,4.9752
60511,0
6837,0
5571,0
45300,6.4445
8558,0
69058,0
11104,0
24793,20.4528
51082,0
18098,0
91096,0
59820,7.764
53290,5.2807
51364,0
85116,0
2008,0
60451,4.4622
17474,3.6102
15431,0
67994,0
94411,2.5686
25853,0
42830,6.8881
90144,0
63069,5.8931
74225,0
58616,4.4446
52004,7.0063
234,0
40077,8.8178
84151,0
46974,0
29642,0
71119,0
18733,0
63265,0
49005,0
55233,8.2197
20174,3.5484
94086,5.7854
22601,6.713
84208,6.1643
100893,0
93687,0
61138,5.6822
82567,16.8066
40390,4.2567
34172,0
92204,5.2255
43785,0
32904,0
77930,7.0085
21167,11.5832
76218,0
97960,9.8973
81674,6.7441
81973,0
37956,6.3782
31725,0
69829,4.7452
88011,4.8436
62941,0
31100,0
71526,13.0092
79143,0
35197,4.3128
67698,0
66660,0
83175,0
89460,0
72328,3.6433
8932,0
8763,7.4301
19825,5.7786
38944,0
29467,0
12040,0
97860,6.9666
13697,0
104428,4.6573
73215,0
1264,0
31128,0
70715,8.3359
1292,4.1376
20806,0
62187,0
39331,6.7625
2676,10.3256
62427,2.6375
82253,0
8154,4.6714
22512,0
85651,0
49849,0
6810,13.2521
1302,0
26463,0
91680,2.1328
39851,11.136
78861,2.9708
5574,0
104671,0
48506,14.0716
26762,0
67789,0
18335,0
52178,19.6157
49786,4.1444
25968,0
49594,0
86501,0
105419,0
46091,0
98627,3.2142
33448,6.1958
90094,0
24832,0
86278,0
61571,6.5298
78517,0
86567,5.0603
99267,0
82015,16.7598
93924,8.088
81212,0
72494,0
46744,0
93066,9.4667
13486,22.0992
74890,5.479
39108,0
20423,12.8077
6313,0
29826,2.4058
70456,3.6726
40558,0
64219,0
20529,0
18451,0
69451,0
2475,0
58386,7.064
43433,0
94045,3.077
59646,4.4697
93032,7.804
104481,0
38178,0
44515,3.7838
93336,7.3753
25667,0
83913,2.2053
87081,0
19832,4.7109
8130,0
102518,0
77151,0
27802,0
78951,7.4259
58876,0
57634,0
88197,4.3788
84769,5.3618
38212,0
36021,0
79782,9.3391
97351,4.8131
89290,0
14712,0
30967,0
90473,0
30623,21.6635
48733,0
91775,4.8928
10285,14.5074
64758,0
101547,4.9509
86164,6.5854
15033,3.4144
56222,7.3447
24665,0
43526,0
30629,0
99252,0
30201,5.6606
42340,13.4356
89956,0
92026,9.5584
73213,0
13616,18.0884
24679,18.3528
80313,0
54734,0
11024,0
60739,0
58692,0
73150,6.9951
77915,13.245
82762,7.4532
94766,10.3388
75352,0
74503,0
37094,5.7591
11070,9.7341
77376,0
32146,0
64547,0
88913,9.4328
35970,0
21926,15.896
51261,0
14965,0
786,8.8597
77732,19.4016
12903,17.3912
90988,0.7583
59444,0
7536,4.9903
97866,12.9635
48661,0
99098,10.4586
8242,0
2938,0
288,0
28654,0
28368,0
9185,0
71229,0
6914,9.0367
92645,2.5816
10033,3.4764
56876,7.6691
46763,7.9532
44519,4.4921
60684,0
40529,16.5255
82846,0
82753,0
77023,0
103479,0
12735,8.8946
34808,29.1381
89348,0
75009,21.5862
14881,3.0833
70455,4.88
93679,0
31407,14.3848
67766,0
12523,5.8002
4385,14.2067
82636,5.2258
9343,0
77322,10.5818
6145,0
8381,0
97139,0
39189,8.3625
86285,31.311
81953,0
86300,0
24505,5.5557
73931,9.3231
17105,4.7535
96090,7.6743
51393,8.1261
56330,0
52855,0
18754,0
75833,3.7391
55164,0
95908,0
4105,5.5439
25821,0
83353,0
87266,0
15756,0
92156,8.3304
18354,4.7745
13506,6.9914
68673,0
54970,0
85762,6.4337
73763,0
84030,0
33507,0
41676,3.8207
73866,10.8534
22131,3.1886
42545,5.9181
48476,0
20772,0
76557,6.7901
103393,3.2181
66561,2.9655
41543,0
92015,7.7168
45632,4.8718
19863,0
53367,4.6756
60011,0
89335,7.1267
4737,0
27120,0
68833,8.91
57429,3.4968
17914,0
72018,0
19061,0
46,0
1595,0
8972,0
88455,4.9405
14045,7.6193
95792,0
48497,7.1622
66958,0
10920,4.4265
11596,18.7886
24133,0
60892,0
68290,2.3705
60930,18.2339
12908,5.722
74230,0
41604,2.3443
75281,0
33230,0
36894,0
50038,0
24993,0
17655,4.2785
72411,2.7817
90892,0
82908,0
38577,0
51025,14.5622
63916,0
84220,0
52480,0
72253,1.3145
79186,4.8824
56268,0
63531,12.4134
2558,0
61855,4.7553
22419,7.3248
82482,7.3819
89229,1.4146
15098,0
92778,2.5132
90974,0
57895,0
98509,0
103154,0
38908,0
84701,12.9833
68989,0
5302,7.0447
8673,0
65874,8.2041
71105,0
46032,3.6939
66170,0
64490,0
100062,0
89923,0
89961,0
54358,0
53091,0
71322,13.1933
8950,16.1878
39150,0
98421,9.7675
84114,0
84732,11.1188
6743,0
29715,4.0249
72174,0
38201,4.1267
38812,0
49511,0
72094,3.5098
35709,0
34993,13.7711
55377,0
81004,9.9678
4081,2.5807
83738,11.5236
37322,6.7488
36350,0
13527,2.015
49614,0
2981,0
83998,0
50781,0
28682,1.9504
96072,0
12113,0
64062,17.2477
48903,0
5132,2.1201
35450,17.8855
73404,0
11161,8.0224
55362,0
105142,3.5195
31925,0
32413,6.0187
91892,0
62508,0
39243,14.2168
36781,10.0664
78193,8.349
49976,0
40519,0
80878,0
39652,0
98754,1.9989
78402,4.904
86976,0
86806,0
61499,0
76452,0
55129,0
8114,0
68321,11.8669
94842,0
97956,0
38470,0
3726,23.8298
51675,0
83542,8.9363
92543,7.5858
51830,0
57114,17.2934
57131,0
101541,0
41502,9.2981
32818,9.3425
87209,0
28307,5.0473
19623,0
51296,0
49074,35.7738
10516,6.902
38385,18.6066
19082,13.5451
91003,3.7414
27220,12.0308
69389,0
9676,7.3679
93587,0
57586,2.8527
47510,0
89689,0
98065,10.4328
25273,0
81532,5.3016
58084,0
21688,6.9451
100877,3.9935
104473,0
4948,0
91659,3.8033
37402,0
63163,8.8383
93170,10.4283
72787,0
56176,0
37682,0
2190,0
33608,3.1836
15490,3.5237
46983,0
33178,8.6475
12415,0
45628,3.7942
73480,0
80024,0
8280,7.8783
28098,6.6857
39137,18.9164
62904,0
87557,7.6463
4749,0
69129,0
76475,0
100173,3.4669
51528,0
38239,0
35543,0
21946,1.8898
6595,0
101655,0
37490,5.0281
26359,0
94321,9.948
53889,0
75787,9.2669
102700,0
97229,7.6796
36707,0
54787,0
31109,0
64261,0
25815,0
24528,11.2564
53111,5.9232
31621,5.0456
23540,0
7895,0
28550,9.9593
83609,0
92980,0
91031,3.2523
15632,0
32161,12.6028
23029,6.9846
55059,0
47325,0.7509
64752,6.0327
4435,0
19287,0
61851,0
48251,3.2484
85756,23.057
91259,3.4134
98902,0
48925,4.5901
63441,0
68464,3.3084
22000,10.9754
37351,0
76113,0
101259,0
80941,3.8455
14878,0
33387,0
74709,0
67852,0
90406,0
95689,5.4397
902,0
20373,0
86932,2.7694
69084,7.0886
24703,0
102397,5.194
52403,0
69779,0
99109,0
17712,4.7198
85079,0
43288,0
50580,7.1576
29240,11.3682
49533,19.3339
11049,11.6953
45307,0
89356,0
20464,0
49070,0
65549,2.3756
29913,0
47158,0
30188,0
90049,0
2081,3.6087
31105,3.1128
52467,5.296
100717,7.6766
88589,5.5677
49092,0
10993,13.6864
35538,0
90062,4.9852
36500,15.4332
74074,0
48838,5.2146
84065,2.3614
77979,0
64725,14.1628
86216,0
58096,0
75235,0
9740,0
73169,0
39096,11.2213
70632,0
16523,4.567
12511,8.4795
56338,0
25659,5.714
42278,0
24702,0
54577,4.9232
22059,0
77008,0
3905,0
47155,8.46
44182,0
104602,3.9514
69467,0
25777,10.8512
104247,10.3483
86956,0
27211,0
8214,7.8844
58350,0
3689,6.1769
6634,0
36313,0
93133,21.5987
18237,7.3154
2876,6.0949
24578,3.3866
68204,12.9596
24469,0
65583,0
5898,13.3993
11274,5.2189
40030,0
84851,0
50380,0
33490,4.5513
68706,14.0861
77832,9.3886
50163,0
55583,0
11503,16.0182
62876,0
99756,19.7747
4596,15.5473
33236,0
25362,0
88799,0
47466,0
68030,5.2372
49806,0
75463,13.9963
80829,0
65043,0
88459,0
93255,0
47748,5.8979
27263,4.3033
64589,6.4608
75368,0
11572,0
17170,0
60211,0
93558,10.3093
18721,0
46403,12.3341
36202,11.7607
33266,10.2657
61135,0
48870,0
20113,0
500,0
86538,0
42518,4.3194
30791,11.1885
763,0
31007,0
1881,24.9455
67563,0
5671,3.4713
55841,12.7582
105392,0
33017,0
91756,6.7718
74680,8.8069
73651,3.5151
25389,0
92326,0
7042,0
49451,11.1519
75666,0
103663,0
79636,0
59600,0
76929,0
80152,0
46636,7.8074
44256,0
37696,3.8815
97015,0
68285,6.9338
93848,0
55314,0
85279,10.5099
103641,6.3082
8617,3.6131
22188,0
44218,3.3869
64059,8.1181
55871,0
103833,0
82400,4.1406
44014,0
4231,0
87100,0
19025,9.0509
27186,6.2713
65793,7.9389
53375,5.6953
9161,20.7556
65883,0
91315,3.2407
96739,0
90595,1.7302
20108,22.5785
95652,4.2645
61111,0
31310,0
22723,0
84330,0
64283,5.6054
1806,0
62454,0
18765,0
101410,0
37282,7.1675
44594,6.7661
15254,3.492
38284,14.6314
55206,0
73778,0
100236,6.3545
29779,0
28308,0
70694,0
81414,0
25130,15.1899
10610,0
49431,0
15565,9.9517
71841,0
29651,10.3823
97524,0
67286,3.8697
66492,0
24690,0
3874,6.221
2913,1.8315
41671,0
14252,0
25076,0
9919,12.2003
7666,0
49980,0
24808,6.7162
48245,0
90644,8.0386
56187,15.6081
93194,0
8900,0
33514,2.906
47532,13.9456
87573,0
98562,7.4196
92777,1.6959
34110,20.6722
30523,0
73920,8.64
71275,0
29729,0
90233,0
71859,3.4903
61411,0
50191,0
25825,0
90968,0
65375,4.502
3331,0
15308,0
73100,11.713
90135,0
1887,5.3451
100353,0
52012,7.04
47213,3.1414
100756,5.8246
104533,6.0011
74763,6.5742
2792,0
38430,10.6419
22428,0
102201,0
95669,9.319
18800,4.4108
29370,11.5509
19547,0
84174,7.0687
84928,0
12691,5.8139
100713,9.3934
87146,0
83801,0
76200,0
65652,0
38965,6.7339
12052,0
86609,5.2181
72717,0
52390,0
91498,6.2019
8324,6.5165
2646,4.9287
71835,0
98526,0
101089,0
41043,7.761
94215,2.8122
105299,0
27250,0
29177,12.6003
57806,0
97353,7.4897
38259,0
100402,0
25541,0
23288,4.6281
88492,0
49890,3.8976
87542,23.3011
97390,6.1084
26353,0
38499,0
10164,4.9186
36369,0
42798,0
37150,1.8475
47003,4.9736
27402,0
66002,0
85495,6.008
64733,4.7698
78289,6.3847
104505,0
101481,0
13128,0
72424,0
4711,0
91292,0
81920,0
91294,2.7731
49072,0
7424,11.83
51187,22.0352
34529,0
72063,10.1271
13969,3.6971
84771,5.2816
102111,5.6323
55772,0
157,0
88907,6.8121
80960,2.0412
54218,8.1694
23238,0
96224,0
86267,0
58825,0
87824,9.3643
52293,0
20377,2.6973
99930,6.8167
23030,0
33296,0
98687,0
45163,18.9259
33263,0
92641,6.8545
3750,0
104957,0
56833,20.4654
51139,7.7287
29594,4.2545
71039,0
48671,0
70299,16.048
11509,0
52230,0
72151,10.1277
20071,4.5193
14652,0
105059,2.7571
90098,0
100413,4.3214
25380,20.071
226,0
92923,2.7691
75086,0
47005,0
10099,0
95676,0
65322,0
35372,0
81504,0
89048,0
92134,10.1232
95787,8.3823
20557,8.131
22709,0
77202,3.1836
86692,0
88375,4.013
85424,0
82409,15.9474
66527,0
84037,0
905,4.725
47788,0
36665,18.4465
26717,0
17182,4.5164
59868,6.1465
55622,17.7124
25271,0
5039,9.0101
102171,0
45267,7.4354
44360,7.4043
51903,0
41143,0
45839,7.3774
34948,0
88692,5.142
51154,0
3136,0
43639,11.9154
104798,0
49097,7.277
20419,0
98250,15.5904
34013,11.3089
32120,0
103591,0
81909,3.5807
7210,0
22032,3.6994
58909,0
19022,0
4805,12.1972
94104,0
68987,0
87927,0
276,0
2759,11.9002
43699,0
94400,6.8196
40146,0
1783,16.0721
33225,7.3673
29002,0
90364,19.0597
25579,15.9584
23233,0
18647,7.0261
82310,13.8201
42123,0
50987,0
71938,1.7718
103295,14.4678
20026,9.1469
70011,0
101384,12.0551
83373,11.2288
20247,0
64170,0
23506,0
72748,0
80875,0
33140,0
1478,0
15187,0
34023,12.0192
75195,0
68000,0
98036,10.1224
23142,5.9711
54176,25.4912
41537,0
14268,0
50184,0
10967,0
57576,0
2794,0
13763,0
44724,0
54257,0
88962,0
4520,4.1567
10249,2.9833
90080,0
69919,4.3857
75839,0
94342,7.4924
66242,6.576
32297,7.3904
66482,3.362
826,2.9171
84089,0
97342,0
84510,0
2082,0
57766,0
58941,0
31463,6.1311
55808,0
32270,4.0492
48736,1.3203
64285,0
41524,0
32047,0
62294,0
20347,3.685
246,6.0829
20271,8.2702
39911,4.6629
102319,10.8689
27042,0
52450,8.832
86051,10.5381
92789,4.2007
78541,10.0411
22251,10.2155
16935,5.4732
63309,0
102540,7.7493
78718,0
30875,4.0462
1222,8.7959
13340,3.4927
79005,0
84758,9.4301
38196,9.1252
12006,0
14107,0
52509,0
25300,10.1778
95167,6.6176
71712,0
34084,0
24436,0
86518,0
52885,0
44035,1.7764
67603,0
45130,7.1281
52838,6.0535
99324,13.9893
51347,0
51170,0
98535,12.9136
93475,21.0981
39309,2.6069
35871,12.1798
102860,0
80584,0
101797,0
35788,0
71838,0
69857,13.4409
29280,6.9658
91255,3.1942
11397,0
99641,0
65491,4.9108
75864,0
64656,23.5286
85514,0
52249,0
45451,0
42029,0
39041,7.1291
25574,2.4364
30159,5.2248
14950,2.8828
39958,11.7809
1933,0
18044,0
10339,0
89955,0
79252,0
32957,0
72780,0
13384,0
2168,0
76485,13.7821
98908,6.8107
4085,0
35060,11.1859
58044,3.9337
667,0
3037,5.151
100444,0
41737,0
28010,3.1347
29457,0
19976,4.4289
69621,3.8398
56540,0
93773,10.0983
84597,0
94940,0
76091,0
91796,0
9810,15.382
83183,0
77627,8.6581
100118,6.5914
82082,0
75903,9.6423
49430,0
90016,9.3339
5777,3.5911
86539,6.9802
25158,21.4932
51497,2.4289
24823,3.3609
58046,4.8936
18863,3.8124
26729,0
91417,0
64112,0
56139,15.1084
94858,4.0888
21381,2.0233
11082,4.5703
17128,0
72749,0
45473,0
40371,7.3148
43611,12.5202
96139,0
82661,0
45829,5.8663
21834,0
45177,4.6388
25072,9.3924
57013,20.1956
100071,0
2386,0
9846,0
77406,5.4129
100901,0
88578,0
54476,0
32924,8.5807
34118,0
13241,11.4236
12220,0
40722,0
3283,0
98770,0
82848,1.9961
61862,7.6638
81336,7.8164
88743,0
17465,17.6872
60700,0
29846,0
65193,0
30191,13.1183
93570,0
31969,0
52506,0
14433,10.2246
97807,0
54526,1.1647
21844,0
43736,0
19629,0
77763,0
56060,0
65448,18.416
25070,7.6023
21940,0
71721,0
84506,13.7751
96491,0
45787,0
80081,12.4862
8516,6.2744
1190,22.8612
11495,0
34768,0
73248,0
8622,0
66719,0
64807,4.2178
92099,0
8287,0
48683,0
37228,19.0648
92794,0
18001,0
94330,4.5531
74175,0
36251,0
102543,0
5238,0
42738,0
67752,16.781
83378,6.5015
61821,0
42989,12.0259
78937,3.3089
93449,0
69542,9.0984
15910,4.0142
66946,0
93044,0
65596,0
22115,4.7891
11386,0
62154,0
20974,0
79828,0
99487,9.9067
34095,0
55590,3.5433
91444,4.6008
38800,0
3652,0
21111,4.6646
15691,0
165,12.9942
88043,0
92014,0
87067,0
1873,0
54772,0
94510,4.7986
2095,0
52121,0
32219,9.6392
61953,3.6902
98269,0
74701,2.8226
52781,8.1259
11175,3.5806
33351,4.1393
49107,10.4488
59073,3.8654
10499,0
85068,6.0305
72053,0
102376,4.8922
3135,0
79563,5.8664
84994,0
51726,0
4702,0
65987,0
43862,0
36361,0
102757,3.4258
94900,0
90274,0
64401,0
76932,0
102238,0
27626,6.8702
61966,0
46905,5.5423
46971,0
47278,14.0782
98857,0
65463,0
49726,0
58195,8.5385
85282,0
21217,0
53917,1.4203
20674,3.5649
48710,7.2438
3310,0
42186,11.9076
28421,0
24249,2.6832
104938,0
41585,4.1441
104787,14.7434
82876,0
47104,2.2179
100760,0
98810,0
57898,9.3679
9156,12.7884
99571,0
34493,6.9421
50212,0
40270,8.6065
20565,10.2848
30954,4.8833
22807,0
40348,0
91714,11.8162
46644,0
19917,0
41990,15.2061
89469,0
42287,0
64421,0
100924,0
95297,0
16840,8.1868
27970,15.9445
102619,0
16051,13.4854
84351,0
89899,0
74114,0
77279,0
40206,0
55110,17.2198
5951,0
54267,11.0295
84859,8.0695
2015,0
52438,0
90309,4.7142
43683,0
97746,7.0324
55244,0
13922,11.7677
104331,0
3078,9.8565
61254,2.1311
35775,0
104652,0
34106,0
101801,20.4774
62820,2.6163
80302,0
100931,2.5473
79810,8.2366
29855,5.7719
20109,11.319
31733,10.171
9723,0
15474,24.5693
35,0
27729,14.5973
84935,5.9126
661,0
2352,5.332
29737,5.9974
91193,6.4885
11846,5.4029
73426,0
19406,3.0923
57754,0
79179,0
9463,0
78288,4.4805
52224,5.7316
19631,0
18902,10.1564
90121,0
38039,18.7003
66716,4.2725
13544,0
51695,0
39282,7.0354
11429,0
40920,0
35236,0
56383,0
50056,2.3493
11656,0
27851,0
75248,0
88269,0
503,0
50761,4.8818
61894,0
9590,0
26441,0
43335,0
99280,0
99542,0
49811,0
85207,21.0764
66615,0
69440,0
95925,8.233
55638,12.3217
17085,0
56164,5.1397
2264,9.0589
7812,0
3106,0
41994,0
22458,3.3353
69203,0
28807,8.9091
74064,7.8695
94590,6.5594
85612,0
41634,5.7225
36861,0
18329,0
67896,0
96972,9.3133
94774,8.8949
56930,7.8321
27698,13.0483
25464,0
16457,4.5435
88713,10.9998
1528,1.5916
36216,6.7016
82583,0
91853,0
25719,6.6657
11063,0
60531,0
50633,0
5214,10.3516
13639,8.9911
66651,3.1884
43349,0
36574,0
5799,8.1386
40425,0
39791,7.8286
70522,5.4421
52935,0
74825,0
87293,0
91144,0
72831,8.4254
26297,0
100632,9.9894
75884,5.9956
99605,3.4289
96475,5.0468
21680,7.4568
59689,0
83260,0
94752,0
30699,5.6031
16550,11.4352
88794,4.1845
82168,0
42993,0
29375,11.836
51892,0
45676,0
41729,3.9659
93766,0
21157,20.4338
51558,0
66321,3.8093
96358,0
24069,12.0038
26500,0
86790,0
45880,0
14492,0
39211,5.1241
52927,0
29337,0
88643,0
38190,0
90187,0
18471,0
30874,19.071
39817,4.5621
20894,0
45883,10.9989
72376,0
68461,4.5033
95904,0
84438,0
7711,0
84435,0
10589,0
29058,0
75311,4.5931
25340,0
104752,0
40821,0
100781,0
87543,18.4827
8250,10.6648
104714,2.2312
44307,0
43491,6.7494
88857,0
13630,7.6551
18470,4.3013
73865,6.0146
11073,10.7102
94770,0
47747,0
64960,2.9838
72925,5.7108
69420,4.2664
4065,0
37920,0
34560,0
7462,0
56533,0
33777,0
100373,0
17949,2.0739
64579,0
97518,0
70594,4.6759
6213,0
65443,0
102727,6.9495
83521,13.1991
58038,0
3982,0
65004,6.4666
61468,2.9362
58334,7.1259
70830,3.6595
1253,0
103508,11.6768
100595,0
65188,0
62250,0
509,0
24890,8.1237
76129,0
104435,0
89294,0
76025,7.6258
25610,0
67436,3.453
7187,7.3174
64142,0
85688,0
50320,12.6331
3069,8.4507
29813,0
102090,0
19193,5.3859
26557,0
64562,2.4938
18710,0
97422,14.8689
60616,16.8746
40937,0
20490,16.491
38993,9.9514
62381,0
73379,0
91030,5.0319
87535,0
33918,6.6454
99554,5.6228
71855,0
16325,8.4102
15697,5.7427
100784,0
30269,2.8597
24071,6.3448
32507,0
52947,2.2733
51179,0
96170,10.9824
92614,0
76999,0
19298,0
53585,6.319
91495,3.4265
12925,9.5564
31780,20.5438
37401,0
22971,0
35653,0
70033,0
5184,0
48275,8.3261
97039,0
93024,0
17692,7.7039
2930,10.282
57585,6.0626
56436,0
67079,0
38354,0
36317,0
60199,7.085
1992,0
45502,4.3676
49424,0
101844,7.7905
103840,0
13113,7.8703
19900,0
86891,0
9865,15.3055
19895,0
54311,0
46262,5.5877
88858,0
76008,0
31731,0
3985,0
49202,0
22906,0
43242,4.7097
4154,18.2133
53077,6.6737
84457,0
58214,0
102780,6.0662
19472,5.706
17794,14.1323
33646,3.8792
19214,0
20950,0
25041,6.4018
18785,1.586
44713,11.819
32292,13.9382
19058,0
70505,2.541
69794,8.429
97586,2.1535
74483,5.3443
45407,0
13790,0
30429,7.1882
97061,0
7649,5.593
99114,5.1037
104214,0
32209,4.0358
75254,0
60169,0
90942,9.1001
36271,0
103984,6.8014
23176,0
20379,4.6862
62862,0
63567,2.9673
85763,18.6481
99724,0
3040,12.1311
84350,0
8405,0
19240,2.7555
67128,2.0703
41987,0
68502,0
14087,0
90875,0
68737,0
97686,2.2429
51723,3.1402
13981,2.9556
97672,2.4986
57928,0
51832,12.0443
63893,0
76776,0
74450,0
84045,0
104421,0
13339,8.177
28941,7.2129
46436,0
41866,0
94781,6.9221
32423,4.8397
66523,0
68876,8.1657
90749,0
74426,0
12520,6.5793
46362,0
72711,0
35056,0
20126,14.2098
72914,11.8485
104873,8.1738
17234,4.3743
32515,0
54248,6.4414
24089,0
60834,0
31272,0
100851,0
1737,0
11810,7.9087
32439,2.6428
61622,0
34763,7.9195
101866,0
9038,4.8123
81208,0
39612,8.7193
3977,4.2007
64677,0
90837,0
81711,0
80806,0
78001,4.0947
58840,0
102014,0
90564,1.9069
11119,0
6925,0
43870,0
81887,15.734
35569,0
45036,11.4161
36435,14.7602
61945,1.817
60087,6.2702
20956,0
62019,5.0023
49738,4.1467
30908,0
7692,14.9452
88667,4.4227
84416,4.3052
11575,17.3799
71447,11.2009
12782,0
27513,11.2709
54679,6.6824
26991,0
44667,6.9902
48473,0
61441,0
100420,0
96089,0
66118,0
36872,0
62178,0
30552,0
20899,0
85594,3.5732
80072,19.36
14489,13.3503
62444,0
5608,0
59089,0
98026,6.9002
1880,0
12680,9.008
73502,6.1513
49345,0
21965,0
37818,22.395
48004,0
83140,0
60039,9.2693
70853,0
74173,5.0805
67365,7.3381
18581,11.949
92562,17.0542
102952,0
42120,0
54171,0
38127,9.0834
47820,0
17588,0
87883,6.4683
30279,13.5085
20968,0
47,25.9461
18304,8.6808
41822,0
3737,0
43245,0
70767,0
5186,0
1781,0
75413,3.6414
7813,19.3316
81691,0
31080,6.7933
72791,0
78159,0
83890,0
16999,6.0911
44260,0
102907,0
31766,0
83689,0
10840,38.524
84612,0
94677,13.1915
17979,4.9785
38536,8.9227
56662,0.8196
34787,0
21223,0
54685,3.2294
27931,0
19380,10.4967
44817,0
101628,24.1942
1014,11.1045
7231,10.7329
83273,0
17827,8.0669
43982,0
32726,0
67972,0
57714,14.4479
84234,13.1436
92840,4.2351
24687,9.1282
14598,0
15183,9.6289
15758,0
67435,0
41962,0
72875,0
13941,2.9279
73584,0
43259,0
96037,0
94490,0
64554,3.8341
19742,10.261
73951,0
8898,0
50134,3.6199
73849,2.5754
8172,0
43191,4.2223
95188,9.9946
61361,0
59662,0
60149,0
64830,0
49933,9.9537
946,0
4971,0
102430,0
15620,3.9592
55338,0
82963,0
67516,2.4057
23055,0
11408,2.9438
15161,8.9798
86257,4.0572
46536,5.6486
105110,0
2790,0
55889,0
25985,0
54697,3.9788
58088,0
24709,0
36059,6.6147
14130,0
34695,14.8853
44237,0
6752,4.7286
93138,4.5229
18734,0
62201,1.4093
103214,0
9799,8.0461
29196,7.3341
39633,0
24716,0
63618,0
22768,0
100090,5.0208
90765,6.8985
99929,0
98188,9.7228
102581,0
98877,0
61093,6.3993
31701,0
57862,3.5828
84164,10.618
99681,7.1065
11244,0
71122,0
48026,8.7695
39876,0
37292,6.453
46685,6.1065
78465,4.2615
73926,3.9786
22817,15.3222
59165,6.6661
11620,0
43467,0
101308,0
49085,0
45085,10.1424
34435,0
100909,0
66450,4.5292
10604,0
11795,11.8523
5561,4.9422
83265,1.8723
85464,4.08
58760,12.4058
30969,0
62624,0
27047,0
98706,8.4779
75278,2.817
67395,4.6231
48492,0
71510,16.2942
65282,0
15577,0
67578,0
7353,0
49355,9.7361
50837,0
84865,0
96394,0
60264,5.5048
26278,0
80488,8.2655
46072,0
47629,0
60675,0
101947,12.6709
54860,0
98430,6.8282
69858,0
45385,0
80349,15.2371
16702,0
52234,0
26023,7.0935
16058,10.1776
104136,0
38565,16.8035
16023,0
33078,6.6779
35779,0
75563,7.1584
32880,0
51457,6.4979
38764,0
16870,0
4916,0
5475,11.6738
105263,2.1282
39271,0
104367,0
54570,0
68770,5.5043
71620,3.6155
84381,4.6509
69146,0
21960,0
103864,9.1645
81397,15.7971
94087,0
27791,7.3387
99188,9.9455
19640,6.0685
38069,0
31191,0
82537,0
22218,0
39683,0
6695,0
23343,0
15229,5.8311
19416,5.4419
44833,13.9169
75401,0
16528,0
20641,5.7267
29268,0
27778,2.606
20740,4.2436
71451,5.3973
33897,0
40394,0
74684,6.9366
68314,0
73378,5.2889
24514,11.1295
70462,0
87112,0
105037,0
31853,0
52317,0
33244,0
49172,8.2995
85031,13.5224
97210,6.207
79461,0
37893,0
19422,0
88409,0
39769,0
27027,10.1492
67800,0
65208,6.8675
47649,0
101659,3.2203
18163,1.7779
30986,15.2269
3160,0
81537,0
103051,0
38622,8.2792
11964,2.5239
96069,0
57512,0
3955,0
4728,0
74609,0
63504,0
11023,0
59667,0
57687,0
63536,0
37713,0
34692,0
14480,0
17194,6.677
41142,11.3293
29714,5.2563
100227,0
85773,4.9019
67302,0
85825,0
56039,0
14150,0
19596,13.1273
70516,0
67833,5.1446
955,0
45572,0
29025,10.3757
83185,0
75245,0
24240,2.388
100418,22.7669
75543,0
105406,0
80372,4.2172
80555,3.2058
97395,0
93487,0
21366,0
26612,0
46092,0
11457,9.5885
33125,12.4636
1180,0
6054,7.7619
40610,4.6644
80752,9.1103
12405,0
61947,4.2433
80797,0
66844,0
19607,7.1562
34321,8.5494
62844,12.658
70772,0
5201,5.9925
57321,0
35396,20.9496
61600,2.0313
85478,9.2328
8282,0
68254,0
91260,0
53675,8.0351
18389,0
80977,0
49630,6.5983
77384,9.1162
33545,7.9615
91502,5.5592
93369,0
71778,0
91087,4.912
73095,4.0361
68576,18.6977
29350,9.4655
6557,0
30762,7.2988
99937,4.3984
14638,0
63008,0
66007,2.44
93901,0
46700,18.3198
84905,3.3846
21859,11.545
18728,18.4733
51581,5.555
24948,0
98990,0
97928,0
72009,10.3343
83013,0
46004,0
54638,0
16241,0
54971,0
34921,0
56640,8.9484
45574,5.725
91954,0
84288,0
70954,0
48853,2.6433
2947,3.0845
31968,8.3209
32927,0
11561,0
72415,8.2314
9899,8.5188
81234,0
60382,3.5294
94179,7.0407
13944,0
68302,0
82710,3.1071
7461,0
24154,0
100630,0
65081,8.2261
101504,0
45609,0
75661,14.371
44158,3.4392
35777,10.5682
81278,0
104698,0
49601,0
9959,0
57452,0
97073,14.362
51128,0
35630,7.7381
73733,7.6395
79529,8.1721
6378,5.0387
3674,0
62347,0
4614,0
62723,0
64265,0
30196,0
96016,4.8807
48569,0
61163,0
38126,0
64129,10.1927
58974,3.2884
22332,16.2792
96231,1.2033
31846,0
100767,0
16261,3.4241
58967,3.8745
3446,7.4388
23546,6.8181
8572,0
85044,0
43478,15.4199
67443,15.0076
28984,10.0807
84337,0
67785,5.7345
25397,0
4315,5.1098
15940,7.3583
86249,8.0064
14255,0
48463,0
30918,13.311
73238,0
60990,16.2375
51502,0
37042,0
9669,11.0716
66507,0
74715,6.2199
78228,0
65255,3.7805
19997,0
81468,20.1803
61142,7.5594
36765,0
94682,10.1641
18393,0
40685,0
103575,4.3072
3553,12.981
69400,0
92290,3.0999
46521,0
66864,0
84243,7.9099
26667,0
86138,0
96981,3.2293
7497,11.7337
33158,12.5043
23574,2.478
92145,0
39036,0
15219,12.616
92619,0
73921,0
98809,0
90844,2.849
97650,3.4572
4316,0
62465,4.3813
57979,2.979
78000,4.2267
101946,0
36876,0
76734,0
40144,5.7732
75041,0
61067,5.1861
100502,9.6542
61384,3.0562
61616,0
58106,0
48152,25.9216
9897,15.457
31828,22.0256
48355,2.821
22621,0
1354,0
65911,0
39731,6.8818
12842,5.2748
47679,6.9207
101926,5.1715
83324,0
80222,0
58222,0
43547,5.009
65242,7.1577
7879,5.8779
16280,0
8004,0
69556,6.8421
98002,0
3072,0
31818,0
105086,0
60097,2.3115
24907,0
43485,20.0697
70345,0
49479,8.2531
82992,6.805
55870,0
56538,0
66588,2.975
58252,9.7738
4216,0
95719,8.6185
58970,0
56452,8.7387
201,0
59093,0
38701,0
68545,8.258
87503,7.6285
92902,6.1297
54870,7.56
84226,16.3487
99824,8.5398
89119,0
9121,4.5098
10819,11.7604
44482,11.4236
56336,0
23656,0
60341,14.6594
56492,0
49756,13.8798
20317,4.8399
24649,5.5386
47808,4.6271
35283,0
54530,8.0123
43201,15.4655
24760,14.248
80966,0
49248,0
104296,10.8095
67333,0
36899,2.2205
97095,0
90225,0
24244,0
74051,2.2149
88805,0
92674,7.6558
75937,6.1424
68186,2.3444
32143,0
66972,5.5905
28402,5.9204
93808,0
725,1.3463
57160,4.9464
95528,1.5241
24483,0
84415,0
51816,4.001
640,8.7418
98191,0
20343,0
83615,0
49612,0
50265,5.7407
94649,3.2008
56634,12.2612
86974,9.5072
2699,0
65498,11.7848
93873,0
57693,0.7444
34557,0
92140,0
21556,8.1938
16481,0
19796,0
104646,0
28043,4.7503
64864,2.9959
33731,0
76461,0
19555,0
77544,0.9476
60386,0
60249,0
101714,0
58605,0
62731,6.2861
4018,6.5706
13873,0
86312,0
31033,10.8097
51469,0
99700,0
90845,5.3556
90920,0
8225,0
11867,1.108
84015,0
13326,0
3406,0
77818,11.5015
83415,0
99409,5.1099
98587,5.0209
37621,0
73376,9.0575
69719,0
91273,0
35334,8.8229
65317,10.3452
85607,5.3404
9184,3.2394
57466,0
52116,8.0555
62995,5.1338
58414,3.7868
68780,0
81143,7.7661
88447,18.0286
10318,2.8314
78364,11.0312
65851,0
90027,0
83821,9.2908
87456,0
65019,4.6733
17557,0
71397,15.2031
75654,3.6705
53358,6.408
83983,0
75770,0
66467,0
16843,9.0687
4215,0
22907,5.8819
57540,8.5888
18995,0
11338,9.4556
19163,0
18102,10.0272
29430,0
103507,17.2833
53809,0
10390,0
35773,7.4297
68183,12.8417
58594,0
21039,25.179
15629,5.2583
77764,0
65798,0
10520,6.4882
10514,0
103611,3.9952
4244,0
29728,0
50879,0
65419,0
75585,0
65717,11.7289
93640,0
85926,17.6522
26990,0
76185,5.1398
9774,9.801
21386,6.9238
25110,4.1741
62312,0
1063,8.3839
54150,4.2153
29394,6.4699
67080,0
66048,0
68828,9.8051
90394,6.4877
69631,0
36608,0
98669,1.5968
7203,2.6519
60388,8.5503
74974,6.8097
61425,0
30177,0
100667,0
68429,4.5387
79582,0
101082,5.0593
105128,0
98636,0
40916,0
82013,0
19587,0
104005,20.6476
92272,0
1518,0
43646,0
14363,0
84636,2.8788
54952,5.597
88529,11.7576
51253,0
125,4.2339
82285,4.7669
99902,0
12213,0
79717,0
11914,13.4666
91806,0
50452,8.0101
99187,3.906
4069,4.3412
69446,0
1868,0
89493,0
78347,10.7685
44094,10.8805
17441,0
43005,0
58620,14.1025
103019,0
56570,13.5602
101937,0
87093,0
31810,2.8957
21755,7.5549
41878,0
55721,0
18913,0
59102,11.1753
28408,0
75400,0
102366,3.8193
68865,0
63419,12.1475
35540,0
92745,0
74140,17.0816
5174,3.3768
66854,0
68329,0
55686,1.2949
13998,0
34652,0
36701,0
30790,0
60922,3.3994
99841,0
67340,8.7282
18040,0
39801,0
50157,4.714
104405,1.8545
30865,0
38129,13.9381
17776,5.4262
51225,3.6001
37947,3.9526
8682,9.2347
27048,0
72890,15.2357
46930,0
76019,4.2906
7818,0
12390,0
94476,0
41568,0
2250,0
93175,11.9064
72509,7.4079
6825,14.1309
67811,0
84048,0
16578,0
94193,2.4734
25872,19.2927
44593,0
13427,0
1681,12.2849
50820,0
62395,6.0196
31401,9.7013
65023,0
102418,0
20454,1.3301
89219,0
56721,0
97272,0
4483,0
19816,0
28161,0
70774,0
71822,7.2072
22572,7.4543
97426,0
12487,0
6481,0
39829,0
17909,5.1327
29239,19.1936
76711,3.7824
55541,0.9469
32096,25.6045
71024,10.8289
24715,0
41040,0
6369,10.413
102775,3.0514
50314,0
81934,4.0592
20007,11.1599
18834,0
25137,7.5664
7406,23.3794
44391,3.8459
88958,0
9041,9.1725
43400,0
17527,4.7906
16699,9.3636
2989,0
98764,0
84536,0
35512,0
6163,0
1566,9.5086
45303,0
62366,0
62653,0
3966,0
13183,0
23453,20.6764
53171,0
60197,2.5404
100393,0
68684,0
98947,18.8595
75699,11.9279
34735,0
15202,0
71454,0
105098,11.7199
52136,5.2907
99958,0
48063,0
84376,0
13173,16.9594
65099,1.4711
74237,0
35327,11.682
91095,1.0277
8393,15.7589
54037,1.8869
65009,0
87520,7.8141
9623,0.9377
66817,3.1154
5507,0
95269,7.2772
31683,3.7993
17383,11.0634
65805,0
11916,0
21769,0
7799,0
88324,4.6453
9834,6.0295
93721,3.79
3886,0
1235,0
66995,0
36829,1.0879
60575,8.7224
37688,0
74616,0
98861,0
102184,0
29960,8.1629
98521,0
68125,0
72152,0
57184,2.621
9177,11.16
39935,6.8367
2193,4.5494
8819,5.7784
24199,6.8468
99874,0
104623,0
43545,3.6185
102749,0
39442,10.6771
23888,0
41972,0
74249,21.1163
26361,7.1048
98447,31.1488
61078,0
49294,7.7855
37926,4.6833
83036,0
81461,0
76148,0
67992,0
20991,3.8101
30904,2.4676
105118,0
80882,5.5844
11794,8.5704
29270,0
91523,0
31609,6.348
79545,0
101618,3.3634
103815,8.0095
18644,0
98450,0
103263,0
55118,7.9206
34871,0
12191,0
72274,2.0863
2548,0
44623,8.2966
71891,0
26632,0
103433,2.6372
39964,0
53652,0
49331,0
103331,0
49065,0
40142,6.487
44879,0
78194,0
95492,11.3868
40700,6.2669
59727,0
79203,0
105033,0
104628,4.0743
59490,3.6765
55209,10.4262
28414,0
16256,0
1372,5.1049
41805,0
61207,0
30997,16.3572
33597,0
81059,8.9976
73748,0
85753,0
1326,8.1201
53311,8.9409
31638,8.7095
14320,0
39281,1.4959
101853,4.0851
56742,5.6226
6046,19.0736
8119,35.9461
103707,0
75403,4.673
57910,0
12229,0
67714,0
101824,3.904
9747,0
23457,0
93067,0
38278,0
79843,19.8237
28475,0
35126,0
73770,0
100969,0
94778,0
103308,0
4959,8.5692
11352,0
93768,0
18026,20.1416
10997,0
90728,0
1461,0
54062,4.2264
44810,0
7543,15.4787
85563,0
82939,0
74041,10.9815
61369,4.4919
100885,5.2407
36661,0
59372,4.3596
32739,6.5964
11111,0
104212,7.1783
71517,0
88134,8.6544
4915,0
57082,8.496
10619,0
3948,9.6685
102569,4.0755
18750,6.5844
27991,10.8999
73782,12.6712
5402,9.4168
8538,0
20556,16.661
22586,21.2331
70424,6.5237
28714,0
12665,0
11987,10.2122
41966,9.6424
6023,0
42156,0
16238,7.2537
38625,0
7783,7.0981
31386,19.2085
53356,8.7757
80543,0
89764,24.6555
75329,0
57116,0
53944,5.2071
31877,0
93718,10.9293
19886,3.8576
82179,4.5295
5758,5.3306
16801,0
13351,3.2458
94915,0
59309,0
81227,0
80258,0
92241,8.3183
49704,0
67450,4.1485
100401,7.9778
41028,0
19919,8.6561
8390,0
48467,0
79592,16.8014
46511,0
85561,0
46795,0
32058,0
71205,9.4909
6982,0
45507,4.6296
46134,0
30532,0
12898,0
16558,7.8315
4058,7.8724
52511,0
14460,10.7928
41700,0
77951,6.1453
61779,0
26192,0
69795,0
57130,0
7762,13.9655
55931,0
68873,0
68212,0
104911,0
9643,0
62431,10.6723
2565,9.2318
76581,6.0599
98680,0
103432,3.3718
48791,6.4813
81321,8.983
40837,11.165
7460,5.8014
80703,0
102644,7.907
101952,1.9613
53875,8.2228
102278,4.6587
28497,0
5336,0
91506,4.5599
5830,16.3038
20723,6.9947
91207,0
38272,0
25969,0
93883,0
18074,0
29866,1.443
32736,2.788
85037,0
160,0
26939,0
94385,5.6438
50,0
59359,7.1279
48487,4.6889
99522,4.8018
39348,0
34100,1.6249
6625,0
45872,17.0475
102655,6.0757
75191,4.3706
7421,9.2374
89604,10.3805
88659,0
66348,1.9014
14644,16.3833
6779,3.6267
17046,0
6763,18.223
7289,4.6697
70050,0
96251,0
18801,0
41952,0
87036,11.5897
72123,22.3081
11605,6.4472
10152,6.7981
17399,0
52210,0
25704,0
92464,1.8309
31848,0
84427,13.9362
19888,14.8732
69186,9.6994
11085,0
63397,11.8253
101158,13.9133
93615,3.3438
90731,0
73719,0
74429,0
91567,0
27985,14.7156
40864,0
33292,0
43748,2.7684
26474,4.5719
51803,0
29388,0
76856,0
10269,0
102089,0
95022,0
83016,0
102821,5.2877
33560,10.4178
75848,0
101310,0
20193,12.2313
29903,0
67193,0
73675,0
88095,7.105
52913,4.8266
30609,17.4059
86145,0
90483,0
85544,12.3127
37634,0
34933,9.8553
38699,0
32317,5.0654
18381,6.7195
21272,0
4561,0
24852,0
87283,0
47547,9.6316
96892,0
105157,0
16869,0
30831,0
74791,0
22134,3.5745
103480,0
17769,0
25160,0
1368,0
36093,0
43271,14.6635
65341,5.0812
38675,0
94565,3.3051
100126,10.2879
98485,1.5412
3794,9.7907
66566,0
30905,7.0298
15725,0
84275,2.1527
47726,6.5673
33483,0
79216,11.0519
87379,6.2122
29858,0
67753,7.7098
2161,11.1894
105175,0
29669,12.0712
59995,0
531,20.0564
104288,0
3089,11.653
95393,8.6301
44212,4.3357
5107,4.2784
53242,6.1324
81733,0
5128,5.6665
82402,15.3081
69308,0
90400,13.7349
12086,15.1887
51541,0
99185,4.5379
76593,0
83980,11.9608
25682,0
38666,0
94458,6.5822
54098,0
23626,7.8217
80957,0
16602,0
42942,11.4966
27603,0
99222,9.1895
90099,0
23218,8.2534
29749,0
88078,0
79566,0
29365,8.5708
3026,0
40391,5.6751
41062,0
64825,0
24604,6.9229
22753,3.7058
55157,0
99640,0
8941,24.3843
68128,4.7449
27162,0
19806,0
48868,8.3091
72863,3.4028
82041,5.3148
97890,21.6549
43085,13.6202
23834,15.2321
54730,7.8114
498,0
11604,0
3474,0
67463,1.2104
38802,4.0952
47926,5.8332
68095,0
94701,3.5597
18198,0
80940,0
63724,0.5106
47775,0
89307,0
100606,0
72244,6.2167
62983,0
61608,0
14419,0
75479,4.0999
13304,0
27326,10.7508
89357,11.3272
74512,0
13233,0
100576,3.7413
79456,0
57274,0
53627,2.9964
100590,0
104715,0
17346,0
4361,0
7152,16.3629
19910,0
48127,5.8834
16362,6.752
94280,0
45118,0
26813,2.1978
90376,0
83872,11.3293
81221,0
49443,8.5422
29677,0
25055,0
70617,0
68470,7.2541
64778,14.7661
21127,9.3463
66247,0
61298,0
52934,5.2836
76296,0
9147,0
36083,0
83603,0
73814,4.898
24353,0
30401,3.9034
16937,7.0487
28749,24.8006
34223,23.5874
76838,1.8969
37272,0
18349,0
92578,0
28794,9.6716
100639,12.9363
12951,10.0106
33357,8.3948
70981,0
100397,0
57356,0
13869,17.5969
99104,0
59712,0
58478,4.7337
7053,3.9239
43688,6.8247
40646,0
96709,0
94929,2.0354
25251,0
6640,7.1708
72458,2.4064
53040,0
18183,4.3654
70586,10.3024
70822,0
89641,6.8524
88332,0
83608,0
75146,2.7772
26708,10.2094
13485,0
59568,2.7037
74594,0
29345,0
55472,0
97986,0
75781,0
59535,0
15978,0
27852,0
20655,4.0893
25641,0
1037,18.3456
71616,5.814
44005,0
72529,0
10736,0
44454,0
100265,0
64861,1.711
66874,6.881
58783,0
35954,5.0272
93342,0
97876,0
93833,11.7113
61665,2.5097
56477,5.7998
8708,0
1080,19.4342
25140,4.1324
20826,0
79099,0
16393,7.222
30044,0
4047,0
41974,10.4969
68542,0
21608,0
97781,5.1905
18662,0
81348,2.7982
66419,0
37990,0
64603,6.2831
12393,0
88435,0
1707,0
27174,4.9476
25585,0
105459,0
29481,11.0867
16003,5.1993
24381,0
26523,0
51936,5.6277
13437,0
53840,21.9783
3149,0
48217,0
46423,0
95931,4.5686
91653,0
78476,15.0208
29525,0
17795,7.5014
16042,0
54364,6.8186
92632,11.9654
6901,4.0223
9628,0
87013,0
70344,10.9674
68261,0
86829,0
60065,1.9145
82052,9.0761
8481,6.0333
28062,0
57427,4.4967
55486,3.5685
34706,0
91239,0
102723,7.981
14231,0
100860,0
29997,5.1048
22124,5.3463
102654,10.4467
78825,0
55136,0
56525,0
26795,8.1507
74966,4.1979
40034,4.4184
65274,0
45250,13.024
62279,7.5298
34769,10.416
86970,0
69489,9.6831
17991,5.9691
28210,8.1154
96319,5.4128
83923,0
18514,20.95
52412,0
78726,2.4251
30789,0
42230,0
76407,0
26504,0
25835,4.0573
74263,0
11230,0
11108,0
3391,6.0658
26725,2.2135
15880,0
78046,11.7138
24749,0
84440,0
38513,7.2957
8110,0
47576,0
64055,0
72532,0
64600,7.8263
102970,12.0416
68946,0
92849,0
103325,14.1819
34506,8.7033
100474,9.483
50708,0
46177,10.6186
78844,0
72900,0
70996,0
51948,0
71816,4.1365
10494,4.6136
21736,0
63665,0
19392,0
95709,0
45109,0
99038,0
4045,6.5557
36465,0
79272,7.2279
88674,7.3873
59547,0
53930,0
28092,0
72505,0
3817,4.3211
19029,0
99552,0
1006,0
44922,0
90178,0
88369,0
18544,2.8817
103746,0
14805,8.2153
62712,3.6631
99336,0
28927,12.4698
56461,3.9398
63698,21.9332
90622,0
44209,0
101820,7.3565
57225,0
82881,0
63596,14.7924
27340,0.7136
30123,15.3362
251,5.023
5933,10.0937
67935,0
87625,0
83496,0
66821,2.3057
84800,0
16397,0
62420,11.4343
85353,5.0958
10059,0
9198,4.6656
79320,2.016
93031,6.6938
77782,4.4159
8548,0
35425,0
4542,11.0913
58261,10.9147
50936,0
96832,0
102748,8.1429
59062,0
46276,5.4273
97885,0
15011,12.922
15641,0
63261,11.1391
2033,0
231,1.5026
9667,0
50060,0
73832,8.3422
89895,2.3955
46779,0
33255,0
64373,6.5175
41253,0
53873,5.1305
37637,13.0038
60692,0
104963,5.3127
25145,5.8018
72715,0
77346,0
32122,0
33769,13.3441
35824,17.3951
49279,4.9408
95074,6.2153
69360,0
97501,20.384
79065,0
92491,3.8079
84706,0
32612,18.8371
3811,0
57428,1.1117
62375,5.6547
27706,24.4862
52119,0
51466,0
72306,0
50627,0
50500,0
15123,2.0145
55232,6.7488
35052,9.0894
24949,9.0213
41049,13.9367
60281,0
32403,2.6935
5642,0
69646,0
43692,0
32000,0
56507,0
20283,13.9978
7730,0
92399,0
103787,11.9943
89108,0
16249,0
18891,0
59649,0
37861,0
13212,3.8709
65276,0
94554,0
63339,0
10079,4.4488
50519,0
9086,7.5076
53600,0
46725,0
89305,0
64639,0
90056,7.4744
55674,8.2759
92675,3.9383
6546,0
53630,0
83243,8.4271
76307,18.1095
6565,0
47076,4.2637
12649,0
104398,0
50055,1.5545
37095,4.6979
19223,12.3708
94661,0
3588,0
63831,8.1842
629,9.3296
2247,4.8
99829,7.5961
90847,11.7116
12152,0
28219,19.4867
59403,2.9242
21154,0
78710,0
100808,3.8508
80975,0
83125,0
54479,0
51257,9.4729
92884,13.1257
34102,0
79189,6.6568
21774,12.4029
82495,0
6024,0
17231,5.4726
39260,1.8919
75566,0
39663,0
98100,14.0913
31098,0
48849,2.8596
56242,0
80472,0
71193,0
88106,5.9584
71711,0
58362,0
86072,3.4702
50146,0
6883,0
57632,6.5984
99952,8.8727
76867,0
32208,0
64808,0
7390,0
28015,3.4341
40460,16.1444
46419,0
53943,0
63758,2.6912
51655,0
6753,0
16170,9.389
45794,0
89922,0
9133,14.3985
92179,0
23445,10.9982
74519,4.4886
90078,0
100341,9.4308
77767,4.4463
102761,3.4993
10843,0
71872,9.578
61987,0
3086,0
53924,2.8991
78981,0
93350,7.5224
100115,0
51380,15.8548
29844,7.9714
100196,0
28367,6.6046
60628,0
57864,0
35317,0
48287,0
21035,6.3177
63388,3.072
53519,0
327,0
23388,11.5922
102987,5.9453
93461,8.4645
28537,0
48260,9.5118
26701,0
72670,0
44712,0
104585,0
54669,0
84081,6.1826
94875,0
34883,0
17033,2.9614
42499,6.2885
105194,0
16210,0
13710,3.3864
105148,0
81809,6.8889
456,0
37084,5.1383
99998,35.9507
46633,0
39672,0
101209,12.9816
85103,0
94153,19.4512
45700,8.0693
97246,0
14588,0
5816,0
12818,7.9284
55449,0
90933,5.1431
33582,8.223
24755,9.0401
32247,0
88186,0
28857,0
74118,13.2931
16682,0
59369,3.7436
34362,0
35118,7.1578
83979,0
47615,9.4906
72820,0
48403,8.2391
80964,4.8587
87119,2.9667
98953,0
54649,4.2641
103328,0
83795,0
26641,0
102594,0
63176,0
35225,0
77186,4.4748
99934,0
3313,0
28935,1.7638
71124,13.5667
96543,0
24722,13.189
22521,11.6579
2393,5.1765
78340,0
12564,12.8532
27270,4.7995
9011,0
98727,10.2224
50979,0
27109,0
89171,0
27172,0
80959,5.5736
87513,7.4505
22326,4.0084
100108,13.369
18885,2.4293
62397,0
42799,0
24541,4.7012
40744,13.3556
65206,0
81902,0
60508,5.1019
57654,0
16979,10.59
5250,0
44225,2.4188
90724,0
5072,10.5606
46131,4.8646
11496,0
78260,0
10653,0
12771,0
52056,11.2255
4461,0
26610,4.4555
7551,0
2645,0
65617,3.9045
25367,2.9446
62066,0
50094,0
11007,0
5829,0
100340,7.6098
92322,0
48513,0
65133,14.9206
104050,0
67115,0
29976,14.662
49018,10.2042
40661,0
49304,4.3185
12518,0
57645,8.905
15747,0
90287,0
103568,0
10068,0
83055,7.9929
27832,0
75000,0
38626,0
96502,1.805
53382,0
34624,21.3387
95487,0
80181,0
42539,7.3069
8565,20.9428
15318,4.1274
60340,8.0963
60953,0
61217,12.6778
87309,0
96002,11.082
32397,16.2897
44741,10.7051
89965,0
60774,0
8498,5.8134
83705,1.5978
20673,6.1951
98466,0
55958,0
97836,0
1447,2.8775
78594,0.3007
96368,5.3971
77913,0
2855,8.8781
29765,9.9722
31681,5.7516
18804,4.1204
31474,3.4283
89619,0
49112,5.4668
65497,0
36678,0
14692,12.2828
64836,0
5063,0
23107,0
12442,0
7929,0
40793,0
69285,0
90621,0
80466,0
90818,8.9578
76659,7.2921
37003,7.7355
21439,2.798
1294,6.2661
51284,0
71924,8.7132
73773,3.2804
35725,11.084
27959,0
26836,0
98487,17.9881
82444,2.007
14085,0
16156,5.4327
51676,6.9078
12227,7.4697
67198,0
81159,0
49654,3.8925
57564,7.7265
25494,8.5467
52798,0
63774,0
61263,13.2824
47243,5.7422
47689,4.0182
100743,9.2165
51641,0
60147,5.1077
28352,9.8288
60581,8.319
49583,8.6478
63993,0
90249,0
7682,0
30357,17.7451
62581,0
14415,0
41002,0
13838,9.5294
59842,0
51345,0
30958,5.7936
42676,13.6246
12717,28.0394
1353,0
83517,20.6881
93245,7.8356
32419,0
67147,5.0902
13713,6.664
20608,3.5076
96124,3.2932
4721,4.2502
89112,3.8641
28979,0
15774,3.4697
71459,2.1931
31224,5.6348
2643,0
17261,0
2128,0
56358,0
69609,5.0541
79300,8.2822
41733,0
14212,7.4828
6589,0
63184,0
72933,0
63472,15.6035
43735,5.2121
31122,4.5844
90878,0
67815,0
33776,5.7164
89542,0
46756,0
102122,0
84136,11.5785
25240,0
26242,0
45656,0
65272,0
7760,0
8989,0
33076,0
9558,6.0866
30182,0
56453,0
12096,7.8722
10031,7.3365
88230,0
91155,19.3175
84183,0
84885,0
7191,0
25294,0
39834,13.8025
57032,4.0161
75196,0
5457,0
36305,10.7162
64229,0
44956,0
68612,0
46680,7.0572
20987,0
57044,0
61606,9.8439
39771,11.805
35484,11.3764
58884,6.6509
66939,0
83989,14.5881
9730,2.0755
25484,0
103887,13.6587
71241,8.0513
53623,0
55135,0
58914,0
94527,4.6615
23499,0
56208,6.9172
6185,13.4438
96793,6.3175
91937,5.9494
19173,7.4946
1664,0
58394,0
5223,10.3587
37445,6.2005
103160,17.2977
69138,0
48419,0
100650,0
38466,0
37701,2.3416
62399,0
38324,0
12948,0
52850,0
33735,0
2429,8.7864
33468,0
53916,0
95016,0
55709,10.9751
75390,0
51183,0
22408,0
7267,0
104385,0
3126,4.8942
94022,0
3208,3.1397
92333,0
20748,0
75363,0
34551,4.0429
53901,11.1488
45637,8.3136
30199,0
96841,6.8075
83445,6.4915
64288,0
45319,9.8721
58971,0
30294,0.9235
38159,11.1943
41268,0
43826,4.786
97277,11.6785
19530,5.5117
9478,5.539
81630,11.457
73906,0
32151,0
56674,0
5559,0
56560,0
64617,0
15843,5.089
62788,0
31597,2.3941
104678,5.4671
66037,12.9453
75176,0
11292,5.8733
37116,0
92705,0
95051,0
24562,4.0881
10743,0
52863,4.3425
21958,0
99144,0
74710,0
43079,0
17632,7.3058
96731,0
19348,0
69944,16.1414
90431,0
27726,9.5008
43767,0
19017,0
102375,0
65710,0
53436,0
7380,0
104070,0
711,0
93736,3.9602
102625,0
35507,0
48517,3.0523
5103,3.8573
3129,7.3762
32053,0
46470,0
78732,0
56726,0
94292,10.8792
58368,4.2393
25990,0
86574,2.7847
15579,3.1892
63275,0
60040,9.2771
53232,4.5941
77702,0
38822,0
64997,0
22600,0
47740,5.298
22294,6.5755
68856,9.5625
73364,0
73111,7.363
74618,7.1191
41873,0
92331,8.4785
3123,0
53089,25.5043
92211,0
78963,0
97309,7.0316
20256,7.306
31436,10.3766
71202,0
98056,0
94714,9.2977
77819,15.8552
14628,0
11417,0
59520,0
83785,0
64883,0
88844,0
102244,0
101773,0
69255,0
82530,0
2241,16.848
1955,0
5925,0
97070,0
29682,13.4393
97284,3.6215
68782,0
29251,0
8475,0
36240,0
35161,7.5762
48632,0
100203,0
71728,9.3317
81583,0
68985,0
18816,6.3868
34073,0
20910,0
42434,1.9531
40128,0
7820,0
8006,0
49104,7.3639
65877,3.4615
3295,0
19624,20.7682
67838,9.1483
71485,0
5923,5.0668
12576,6.2248
68905,0
76438,0
95820,14.9371
34596,0
17858,0
101351,26.6305
98224,0
8846,0
71192,0
90448,8.4734
46328,0
5122,24.0669
41445,0
6850,0
59058,11.3
31159,20.2179
50407,0
48031,7.8428
37509,0
27251,0
28717,0
19757,0
34134,14.097
22774,5.246
98645,0
44080,0
43765,1.8725
57280,9.0638
104819,0
92194,6.8382
66397,0
88677,4.628
75580,0
41328,9.757
32829,9.4668
54620,5.2736
82788,0
12915,2.6829
79660,9.1741
85960,3.1403
61383,0
5515,12.3223
65517,0
24754,8.2762
64192,0
83770,10.5186
3288,0
91674,4.7441
103873,0
26197,0
2372,0
21101,0
15767,7.3942
64209,0
17691,0
49129,0
102098,4.2249
79976,0
13658,0
4275,0
53834,16.3175
26802,0
32954,0
46230,0
25162,0
16078,0
77593,3.6285
40170,0
74303,0
88887,3.8361
54833,0
45189,0
90194,0
57052,0
63248,0
46866,0
30311,4.0821
16717,0
86679,0
6719,11.0862
105340,4.7619
85259,0
1568,8.0885
53373,3.2131
40963,6.3428
70496,0
33,0
100284,9.5121
31394,12.1149
89044,0
4893,0
19537,10.1127
89373,3.1944
45528,0
59304,0
51247,0
59238,0
30524,9.2096
90255,23.2579
88506,0
102046,14.3404
94957,0
22658,0
37100,2.9564
48854,0
56839,0
55594,0
35509,0
6781,6.0912
102544,4.7486
75252,20.1465
38655,0
99533,4.7141
99396,5.211
18737,5.4994
27922,0
103123,0
88111,20.688
58883,0
37902,0
92994,0
103684,0
8677,14.1292
89588,4.1263
32592,0
77286,10.0213
96194,5.2071
87836,0
98267,0
45613,5.0405
16071,0
72315,6.4364
2993,1.2937
95223,0
70907,4.1733
46670,5.4806
30080,7.3462
91020,6.3741
35505,0
26571,0
81422,0
104297,14.8715
91490,2.3945
62348,0
101975,4.148
86919,0
7720,17.0788
28950,0
85652,4.9935
43372,2.0978
75353,0
81846,5.5743
98432,8.2972
24295,0
64817,7.4183
6364,14.3559
91318,0
21509,6.3334
86724,0
68551,10.3334
94639,9.937
7793,0
36352,11.1269
7405,0
53073,16.5261
9526,11.4445
5203,0
100964,0
44535,0
72736,2.2399
1712,4.6963
92256,0
69922,8.5175
96987,12.342
92725,0
45614,0
63144,3.2297
29182,0
98597,3.6007
59939,21.613
35138,0
60152,2.4431
20938,0
12825,2.1235
60543,4.1606
23635,7.8475
20209,0
53271,0
79692,4.2981
53495,0
12395,0
22587,0
91973,0
15895,0
16788,6.8501
38198,4.2221
4068,0
16441,16.5537
32264,0
43178,6.2942
63577,0
23815,0
45622,5.7528
47538,5.6272
10841,6.4416
103794,5.1114
73518,1.7156
70101,0
48815,0
59505,0
98555,0
91142,6.8093
101862,3.9008
78150,6.469
84683,2.1101
86879,0
43256,9.4339
10168,0
32139,0
84116,0
40910,0
48652,6.2982
61293,0
58799,3.9232
77133,0
8775,7.9478
53417,9.0877
83391,0
75811,0
38033,0
84570,20.2607
50692,0
54130,0
6747,5.4154
89699,7.457
37857,12.9161
96126,8.0733
85538,6.8881
50488,12.8833
69470,0
102711,0
58056,5.5446
21112,8.5219
45281,0
23283,6.9735
41355,0
8310,3.6679
66913,8.4088
60547,0
79543,0
84821,0
79659,8.4913
3174,0
72380,0
14922,8.8719
36841,0
18174,0
43019,9.4189
57954,7.9815
97244,0
26386,5.9341
25635,0
32854,0
86010,0
70974,0
32822,3.0423
74283,6.9139
87898,9.0885
91515,3.0792
95963,2.7345
9085,0
516,0
39681,0
81244,0
76806,0
18789,0
100339,2.3535
6799,4.4654
9907,3.9124
19644,0
28334,0
86113,1.2949
69554,0
94607,0
103980,0
16858,0
34262,0
18997,0
65843,2.0865
48483,0.1989
10646,9.3089
57396,0
83341,0
84227,16.1721
11300,0
43445,5.9403
92596,2.576
45161,0
28346,0
90516,0
10725,20.8147
4910,0
51000,0
76979,0
39342,6.3289
34058,0
97965,0
90596,0
78346,4.0232
40094,15.3036
83928,0
37839,15.0739
48279,4.0563
23039,17.5726
58686,2.5356
1153,0
38494,0
94692,0
93454,4.7978
80345,6.7694
16894,5.6644
59159,7.5757
4813,0
15984,10.2061
76709,0
62256,8.1541
51644,0
35314,0
15110,0
76494,0
13538,0
66860,0
102793,4.9734
71523,8.3416
85202,0
23237,8.7646
70611,8.8112
90857,5.6682
28363,0
80874,3.9767
38303,7.8267
59556,0
6600,0
53140,4.2846
27858,5.4725
51839,0
73241,0
72079,4.6344
75459,8.9404
30766,0
23601,2.6393
172,0
45185,10.6707
55293,0
33872,0
46519,0
29939,0
74138,5.3292
54508,5.6142
65323,0
54646,4.7071
11340,2.8164
18426,4.5996
40287,0
64131,0
44671,3.4958
5930,9.5453
38637,17.3183
77572,0
38602,9.7223
63952,0
30249,0
4382,0
30736,0
59080,0
5244,6.8117
21379,0
40033,5.3743
82925,8.9789
75598,0
38579,0
7892,0
72771,0
39877,6.7456
60212,8.0048
74735,3.0705
39904,0
11624,0
27248,9.8456
14352,0
84696,1.916
62155,0
75556,4.9388
55533,0
84213,2.229
62894,0
61330,2.8738
25854,0
21292,0
26157,1.6494
60038,13.5899
4364,0
105289,9.9109
74500,0
91577,0
92893,3.2679
80509,7.221
99099,5.8568
11412,9.4279
20305,5.9611
62085,3.5792
51490,13.3525
38415,0
11702,5.2632
87121,0
22256,10.693
49650,0
20807,0
6577,0
39171,9.8446
39245,0
4410,9.3754
58076,0
17786,10.5961
1951,10.0576
84530,0
99029,10.5326
18830,9.6085
83601,12.497
30677,0
21206,0
23128,0
42890,0
3107,0
78911,11.843
101274,12.5629
11786,0
46908,6.1346
32346,20.5794
32879,7.8141
5703,0
2257,0
37471,0
17624,0
24815,0
79247,4.7996
100796,0
3095,4.8204
76548,6.277
36677,0
62278,0
68639,5.5284
88567,0
76782,16.5996
93972,0
100186,0
37729,10.3761
65501,0
21449,0
31418,8.284
22627,0
50114,5.5816
23794,0
84087,8.4082
75313,7.1753
26677,7.343
55243,7.302
25938,6.2364
6496,10.3823
66881,8.795
97913,5.0568
36198,0
84532,0
71678,0
95893,5.0161
89576,12.6075
4169,0
61554,0
26700,0
81974,0
68597,5.4833
83332,11.7616
59018,3.5957
50771,11.7804
67054,3.459
19991,3.1358
88748,0
80609,0
23556,6.3955
25364,0
48767,0
43167,5.4637
10655,12.579
10424,5.6104
86247,5.6329
74569,3.509
3534,12.2055
46342,6.1086
15942,5.2048
89333,0
85961,7.782
32478,0
89781,7.8066
90660,0
26097,0
97919,0
66012,12.1573
57957,3.7157
41215,0
30323,8.7109
88320,0
10824,4.9795
49012,0
5564,0
12952,0
56469,0.2864
77466,2.7217
40323,0
29661,14.2609
20607,6.7926
51138,5.2683
99090,0
68306,0
71242,8.3651
90463,3.9154
71181,0
67848,0
9118,5.9628
58151,0
27613,0
57372,0
48590,2.1512
315,0
40673,0
84214,0
97472,0
82186,0
9352,0
26422,5.5859
15275,3.2918
67713,0
1598,0
41894,0
15949,0
62329,9.0953
96745,0
50515,4.4078
854,13.2283
5899,0
66805,0
17296,0
96362,0
77371,0
6366,14.5369
65906,0
31576,0
14499,5.2906
3436,0
41659,0
51216,0
52709,0
89494,0
68038,0
78892,0
29788,0
1797,0
349,0
41871,0
98055,0
9705,0
60885,0
92772,8.972
92229,5.7606
71270,0
12168,0
69149,0
39325,13.5748
877,0
104572,9.1273
65155,0
64404,0
62402,0
29322,0
93610,2.2858
75092,0
51590,3.6884
19939,2.0521
69849,0
100950,2.6804
61936,0
72502,0
32242,10.6207
5940,8.3279
41839,0
97800,0
79223,0
69770,0
72300,6.7269
75882,0
6019,0
52865,0
97851,12.1174
95626,7.9288
17014,0
39921,0
75719,0
19260,0
86744,0
33605,12.5794
29853,6.4377
90090,11.9565
96405,8.1858
96183,4.9022
49755,7.5356
82049,27.8333
82076,0
45372,0
84165,0
56798,0
23742,7.4384
35255,0
83940,0
58204,6.8571
92222,10.2511
18485,0
54510,0
43418,0
82477,0
73803,0
87331,0
97059,6.8941
50703,10.5694
41488,0
12139,0
69448,0
45255,6.8013
4649,0
65567,6.6098
9843,0
4958,0
30700,3.6255
44084,0
21182,16.463
81222,0
89514,0
88267,0
10401,0
52784,0
79706,6.1145
88824,0
14222,0
56027,2.4061
7826,0
14872,0
49315,0
7695,5.9595
102177,7.5693
53888,10.5647
46476,10.0085
24354,0
104365,0
48154,0
76810,5.3669
74304,3.7763
30310,0
76503,0
82273,0
56729,0
61964,6.9033
99871,0
7455,0
43423,10.6622
44483,14.8435
91882,3.2723
89285,0
12624,0
34633,0
67404,0
59604,0
81872,1.0753
20989,12.2776
21360,0
3483,0
69124,11.7544
24937,0
62068,0
16855,0
67290,0
17773,7.7059
86221,0
91633,4.3075
1739,0
34519,7.2527
73628,9.1286
2049,0
70881,0
53345,10.7996
58981,3.3824
98144,0
75435,0
11637,0
79925,0
11317,3.2847
90120,17.218
63474,0
2119,3.7064
69596,23.921
11801,10.7718
96135,0
79847,14.2603
53447,0
45732,0
87192,0
35373,0
91900,0
81790,0
21730,7.486
39403,5.2439
20122,11.7749
74060,0
13296,0
13191,4.9741
24804,8.9902
16588,13.4393
64392,20.4271
92187,7.254
88644,9.9333
33411,16.0308
49684,0.7734
5729,9.8849
80269,0
72992,4.9787
91530,0
71123,0
56275,5.4597
61609,0
67940,0
86499,0
23490,28.0509
12882,0
7115,4.0742
80769,9.5057
27107,0
80198,0
91461,0
96899,8.9428
79046,25.8305
32842,3.2839
20408,7.5276
68688,0
59940,0
56328,9.0213
62585,0
86648,0
62097,0
97462,0
19419,0
23220,0
86823,0
83674,0
19242,0
88204,4.4817
94231,4.8861
55140,0
62821,0
70402,0
82266,8.976
91528,0
68804,0
1141,5.2874
17745,0
87589,10.5553
8811,0
91744,3.1102
25998,5.7673
58201,0
45932,5.3846
24575,0
74935,8.8547
46733,12.5928
50448,0
67605,0
89157,0
33658,13.1976
22171,0
34983,4.5877
52610,0
2248,0
84008,0
5044,0
66541,0
21785,19.6301
100080,0
38654,0
52562,0
80898,6.9392
11217,0
88432,0
100948,10.3399
22681,2.6178
88217,9.9622
91915,0
44517,0
8039,0
63615,16.1395
76395,0
15508,0
41840,0
93153,6.1281
29787,14.2471
88047,0
63446,0
30464,16.0767
43676,0
47464,7.2536
13965,3.6622
64846,8.9297
70067,0
88756,0
84477,0
25502,9.4571
72928,8.2442
97062,0
49475,13.6295
19511,0
42224,2.6064
46907,8.5753
10903,0
26789,0
54345,0
32907,0
71162,0
99404,5.646
96206,1.2912
58402,0
34301,10.0649
88152,11.3059
23693,3.8793
52151,9.912
15918,0
32236,7.9648
55272,0
54249,0
6237,8.0757
13603,0
3650,0
1172,0
72751,0
54666,0
11066,0
11709,0
89846,0
72426,0
86169,1.8909
62835,7.8598
30919,0
60012,0
53293,10.6817
78605,0
19390,14.7039
87570,10.3373
38727,0
12381,0
89435,0
61467,6.6937
37145,6.9466
73657,7.992
81715,0
7764,2.9467
62842,0
72583,0
13971,9.4573
90720,7.9964
61231,0
66548,0
56685,11.9442
17035,0
26733,21.9966
30877,0
9405,0
47319,0
73402,5.2485
66668,0
2452,0
49306,0
17800,0
84233,14.8875
54135,4.8725
32828,4.4802
39980,0
90919,0
80726,9.6142
98329,0
90667,0
93208,12.1923
75447,6.5547
71826,8.2892
48535,3.3338
24752,0
89671,0
52469,6.6886
66822,0
97576,0
35186,0
36658,6.049
104837,0
72479,0
70683,0
17106,14.9951
102818,9.5956
75734,0
77267,0
66950,15.1019
36328,10.7256
32360,0
64351,3.8254
91400,0
86907,0
30822,6.6575
77745,0
69761,0
74218,0
97287,10.1521
51439,3.6009
95361,0
34067,0
48179,0
16221,7.1033
51387,0
57809,1.2439
73296,2.7432
74007,0
2218,9.3218
90113,8.956
97561,0
5180,0
82690,12.6888
66203,0
73966,0
17714,0
96260,11.2782
30157,0
74998,4.8617
8171,10.1765
70533,5.8386
2434,0
19558,0
48657,0
97752,13.6547
11649,4.8632
663,0
73938,15.9444
3522,6.9841
7127,0
73607,0
68225,8.2183
67730,0
68477,0
33209,0
12921,0
51720,0
12981,0
88017,0
2801,0
16350,9.1786
43799,0
61716,0
34412,9.794
33024,0
26336,0
46385,7.9523
67346,6.2818
41600,0
62535,0
21158,6.2273
85742,0
104703,0
37018,1.5727
24660,0
14043,0
14746,22.1098
59530,7.3928
68109,0
63128,0
63622,0
76184,7.5125
58040,5.7525
104344,6.8612
43464,16.3234
64837,4.0685
16759,0
16131,0
49156,0
61134,4.5469
514,0
44838,0
105077,0
99817,0
102023,0
73708,0
102242,0
5664,1.2183
75053,0
72883,0
74650,8.2528
33852,12.6864
54572,0
23782,19.5463
99365,5.2992
29180,0
59405,0
8653,0
16915,12.5253
32101,0
98014,4.6631
23974,5.2973
82376,9.3843
80138,10.903
17765,0
25207,0
89968,3.4128
42217,0
9453,5.6446
72015,0
76519,0
28642,11.3471
9098,16.2535
79047,0
68312,0
94105,0
99417,7.9936
79830,0
2343,0
105270,0
44299,0
60895,0
73784,0
35600,0
77677,0
6744,0
66722,0
96004,0
26191,0
7923,0
48946,0
74927,8.7296
101962,12.9629
96211,0
93714,14.8397
17343,0
6463,0
46248,0
85439,0
25542,0
61509,0
81684,0
20069,0
93190,4.0114
47589,13.9621
57989,2.5806
38856,0
89935,0
76028,0
95498,0
34502,0
52813,9.3174
36654,0
87236,5.0664
17649,0
77719,0
33450,0
48712,6.1142
47258,3.609
19627,0
48628,0
14256,4.6418
72134,11.5087
51868,4.5269
34433,6.6659
79069,0
96490,0
97160,1.0969
23367,4.1102
32559,6.6931
11231,0
74178,0
68554,3.1788
16431,0
54769,36.2236
19485,0
33633,0
33996,20.3016
86458,6.9283
96954,3.772
6053,14.2546
25045,13.7881
19871,0
68348,0
7287,0
1971,0
55753,7.1738
50035,25.7033
57651,2.9246
20098,0
92051,11.7594
3898,9.44
49017,0
15233,0
24822,5.0652
89061,0
81505,5.243
77290,0
11192,14.0476
94242,7.1253
49380,0
1935,0
37615,11.2279
94469,3.079
755,0
45365,0
75611,0
32154,0
28227,15.0279
11621,0
43107,21.5491
93410,4.6507
42509,0
8600,0
62283,0
83526,17.8371
21205,0
57445,0
60747,0
103009,0
45464,0
103354,6.9874
19914,2.7982
62105,3.6859
12595,9.196
93373,3.9317
29633,0
42073,0
821,7.4787
16961,1.2538
74400,0
89892,4.2957
12200,9.3892
83818,0
62922,7.7159
75055,0
1089,0
72665,3.5715
67085,0
33596,0
88894,6.9333
100395,0
33333,0
28166,0
49034,0
1257,0
15934,5.202
25064,0
12944,21.3965
51809,0
55297,0
5781,0
41511,0
52748,0
19966,11.9822
1799,0
101034,5.418
99164,6.5408
86420,0
4602,0
102482,0
6268,0
86256,0
44822,29.2807
28600,3.2491
74000,7.5813
82545,0
11960,0
103691,0
24055,0
5296,25.1385
83708,0
74121,0
60991,0
12709,0
4979,0
52698,0
64772,0
67267,6.2338
25084,11.0668
99516,0
87006,12.2529
98532,0
4243,5.4846
68971,0
32542,0
52684,0
1363,0
102284,3.9096
90685,13.7058
85573,3.8833
64117,13.7095
72150,0
81851,8.412
91058,0
99412,0
96464,0
12910,0
78590,4.0966
44378,7.5762
77250,0
18087,0
100648,0
9535,8.389
39629,0
26873,6.3077
5631,0
56843,0
36646,0
75293,0
57447,0
88103,0
30718,3.7403
102977,0
70585,0
418,0
7864,8.5873
78152,0
67244,0
42963,0
60655,0
90997,0
55763,6.9148
21569,0
51894,0
56007,0
4804,8.4718
29228,3.0435
20656,10.6893
53400,8.5674
44907,0
42881,0
36396,0
72936,0
96176,5.6042
85674,0
90343,1.1639
32066,0
96633,0
93038,6.1484
97262,21.9601
73476,0
71375,5.8672
44915,3.8967
16418,3.7093
105172,0
83524,0
38347,3.1673
45154,7.4728
48175,0
99236,4.2277
102222,4.4537
47993,4.7394
27157,10.1593
101136,7.765
36460,0
87787,5.9424
419,0
34139,12.1293
73472,0
32182,0
61112,30.1872
673,0
30112,0
45218,0
26695,0
52343,0
11239,0
48586,3.3648
104072,0
8002,0
52406,0
96579,4.3234
1145,0
13298,6.6282
175,0
36671,9.6259
63027,6.7671
79277,4.3738
38045,0
93623,7.2431
13292,11.7324
22862,0
24024,9.9166
21930,0
38519,8.3111
89675,11.0953
86251,0
68381,0
87150,0
104796,0
62137,2.9994
2277,0
72973,0
3725,7.5038
20680,5.0989
68200,0
77847,11.2476
43141,20.4959
11559,1.4566
1860,8.035
78641,0
61988,0
56420,0
8940,5.9001
99364,0
91235,5.978
85032,0
95420,13.0586
56134,0
67674,3.6
61272,4.0899
29709,8.4301
90460,0
14770,17.0772
64009,22.1051
1474,0
48812,0
18851,0
84302,6.4088
12331,9.0107
46981,0
81539,5.172
13193,0
7348,0
104465,1.5076
96386,0
78295,10.6794
63585,0
89377,0
31356,0
75503,0
104262,0
87365,0
28038,0
87105,12.7892
15014,0
93095,0
6363,16.5532
71840,0
27006,4.589
49727,5.3855
69726,5.8819
10650,11.8995
82229,0
64395,0
96605,6.6157
28331,7.2052
83746,14.7461
33165,0
30399,6.9923
69764,5.8476
20905,4.8199
17163,0
81389,6.8888
81649,0
71424,15.5768
7675,0
69733,0
73229,0
19455,4.6193
26923,7.6443
57066,9.5564
97136,7.8761
73709,0
10998,8.9066
103587,8.2703
42053,0
104867,6.8624
53127,5.8681
57882,0
52977,11.8718
66063,2.8262
62643,0
88123,3.4833
100812,0
78126,0
56899,0
6116,2.029
95731,5.7939
80971,10.8671
53952,5.8056
13700,9.9135
4096,0
69688,6.7881
83120,4.3581
21767,0
35133,0
10541,0
23051,3.566
55604,9.4163
60204,0
49592,0
62125,0
44993,9.5113
104895,5.2712
61439,5.844
29514,0
63074,5.6518
800,0
81891,0
46506,7.812
3844,0
84818,0
61632,0
58833,0
50772,0
412,6.3121
52076,4.1634
12335,0
93735,3.0224
96619,0
10199,5.2415
31520,7.1519
67000,2.1186
57679,0
16396,6.0594
9122,0
93072,9.5541
47869,0
75001,12.5394
82544,0
13074,11.8368
99849,8.1249
56959,4.0832
21400,0
43290,0
49962,0
11988,3.0954
36379,9.0644
105252,3.9463
96091,9.7842
36719,0
50258,0
89271,13.3896
22673,0
42126,12.7592
31482,0
42629,0
70845,0
34245,0
103190,7.6416
96670,0
54059,11.2644
27539,0
83264,4.4378
34708,14.1436
60014,8.8739
14420,0
53343,0
91145,9.6024
64243,0
43118,2.0292
82399,4.2012
47661,0
97916,2.5372
74454,5.6437
64904,0
7961,0
97849,0
83543,4.2648
47136,0
11433,16.5034
48367,4.3709
95642,15.8676
39936,10.8569
6358,16.4548
23702,0
17995,5.9294
35844,16.7945
14161,11.3935
15649,14.2135
12962,3.9534
38697,0
56577,7.7953
73036,18.0239
64130,0
23721,0
27217,0
3777,37.5018
6993,4.3065
960,0
76575,1.2341
92496,0
12076,1.4192
64383,0
78505,0
84849,0
31043,0
59157,0
84001,0
75670,5.1102
24590,0
96815,8.0179
102973,4.1785
11679,0
70325,9.7092
52763,9.6769
6190,16.4793
22219,4.2237
71729,0
77212,5.7782
95164,0
1082,6.9346
51555,0
2224,0
70322,0
92816,0
7790,4.5073
72889,9.9259
77717,0
20721,6.646
11016,0
25469,3.6756
81966,0
71626,0
46586,0
84034,6.2342
32249,2.8047
14485,0
96457,4.721
7453,0
4407,17.9649
28115,0
33000,4.9549
50965,0
65775,0
65682,4.3347
86534,7.042
17586,0
104745,0
58985,0.9844
32649,0
43291,0
104843,3.3159
76207,0
50427,0
29613,0
102469,0
86266,12.7349
99909,3.8505
32289,6.0957
2185,0
84186,0
102740,7.129
98093,0
73642,0
66385,0
84139,17.7235
96967,0
39054,0
36005,8.0279
33103,0
46457,3.4532
26520,4.6169
29504,17.4186
94928,0
52052,0
6526,5.6468
9471,13.857
33464,0
103422,6.7026
98760,0
37050,0
16973,2.8023
88927,4.1613
66923,0
48244,11.6439
99921,0
95030,3.335
99804,0
95715,0
35908,6.6158
98823,4.8617
25092,0
61494,0
45592,5.1586
47928,7.2039
81588,0
47412,0
61475,0
48904,6.8278
33556,5.5009
26550,11.769
104206,8.7804
37374,8.8811
89351,0
96846,0
27997,15.2314
68462,0
26963,0
51960,0
103431,0
14129,4.9849
857,14.9174
17334,5.3821
98863,0
33260,0
83760,5.3607
75157,0
86201,1.042
92149,1.673
46656,0
101020,0
102204,0
100063,4.6522
16877,0
16327,0
59812,9.2103
7414,4.9491
49180,2.9036
39169,0
102962,10.7483
33965,7.3876
43152,0
57618,2.8273
12527,4.1741
75475,0
70904,0
21916,5.2109
16696,0
61847,0
15104,0
92918,4.6299
73636,14.3491
19415,0
43169,0
71611,0
6330,13.0987
105117,0
50612,0
34585,8.5601
10505,14.0122
100761,0
44659,8.1008
331,0
105106,4.2759
103339,0
20493,3.6156
24982,0
15209,0
61079,4.1351
96367,3.6434
89353,3.9622
46425,0
56466,8.9248
15985,0
7902,0
58443,3.7377
37198,0
5073,0
2020,0
72792,0
98765,8.6969
69773,0
39913,0
34293,0
24066,16.6539
68129,6.8915
67178,6.48
49303,5.9271
19063,12.3659
55137,0
39583,0
5629,0
46963,0
46202,0
12766,0
19543,11.8177
68518,6.4174
39999,0
105003,5.8608
61820,0
26628,0
62777,0
73909,0
25994,18.582
5901,9.8206
1525,5.8898
20277,12.0507
101771,15.4126
25226,0
89328,5.0801
338,0
26246,0
69348,2.1172
53972,7.8149
16615,0
9043,11.7192
51664,8.6354
62460,0
20926,0
59541,3.6714
91532,0
44290,0
76685,9.938
8124,5.4345
51137,0
8187,0
52330,0
35964,0
77193,5.5814
104962,0
31822,19.6176
74875,7.1813
52140,10.4026
78418,0
72660,10.5089
10235,5.6363
89909,0
17149,15.4874
8196,0
21207,0
37591,0
57374,0
69488,0
96637,0
76140,0
83684,6.0845
3642,6.7822
82130,3.2992
54068,0
71400,0
5324,12.8122
86664,0
97634,3.6674
41195,9.1638
54300,10.2601
80786,4.2179
42672,0
18882,0
75804,6.305
92606,4.4067
36129,0
36499,0
52676,0
2924,3.8323
30008,0
75375,0
974,0
46558,0
32471,8.1873
54863,7.2343
31390,5.5679
69592,0
69355,0
90757,7.2584
3939,0
94011,0
44070,0
100162,9.6967
211,0
29308,0
5698,17.3958
7700,0
61169,0
75114,0
30968,0
22459,0
18670,0
39514,10.2025
62189,0
60168,0
54089,0
42575,9.678
37119,12.802
8097,2.8617
38279,0
48601,0
77317,0
98016,7.205
52703,2.5962
39873,0
64719,12.0057
41173,0
93648,0
85869,0
82457,0
27457,0
75729,0
55301,3.9656
13573,7.7096
5603,0
2158,0
89851,6.5019
46544,10.7239
61810,0
31428,0
65409,8.9443
60043,0
98708,0
99337,0
37938,2.7915
82917,0
85821,0
77966,6.2256
11610,3.4962
28999,0
23172,14.7479
78823,0
91605,8.9065
99203,0
63297,2.4069
72239,0
2842,0
32268,0
101629,12.5745
38639,0
24641,3.5938
52794,4.4702
31796,0
71164,0
58242,0
38779,0
58107,5.3492
41631,5.6238
92770,0
67052,0
63599,0
53428,0
80074,12.5538
57402,0
83168,0
1324,8.4203
62828,4.8173
82452,0
54558,3.3705
39138,11.2444
71231,0
6793,7.0314
95592,15.6517
25369,5.6358
97912,5.4637
36682,0
83992,0
61284,5.0278
105185,0
69423,0
31456,0
95422,13.3352
7567,0
57305,0
98158,11.9968
11302,0
15344,7.645
98009,0
54583,0
37580,1.2606
86726,5.9214
35952,5.2422
33416,0
34373,6.2599
13932,0
66918,3.3682
70579,0
6928,0
78701,0
47508,0
41740,0
57886,0
104713,10.2814
31411,0
84780,2.9259
101341,2.0362
98558,0
96628,0
62050,0
21269,3.095
25714,9.3019
81765,4.1442
20513,0
95921,3.2424
88337,0
95144,3.5163
29406,8.7864
66232,0
90021,0
102387,0
3820,0
46641,0
31003,0
16772,0
53542,0
45801,0
64702,11.4799
50877,0
74067,10.7163
26057,7.0665
7801,28.7008
56211,0
100537,0
45901,0
99120,6.1351
75440,7.3378
100982,4.2693
47920,0
37975,18.2715
11947,4.9098
53248,0
94180,5.5604
75711,7.195
50737,0
70734,18.5441
36963,17.1858
88615,8.5385
13144,11.064
5333,0
85894,10.8623
37011,10.3761
6766,10.3592
44740,14.4098
54077,7.4076
21422,0
54581,4.461
105082,6.8544
6056,0
44403,17.7365
19005,10.9157
6393,7.9802
18364,0
40781,0
72582,0
14165,0
4465,4.59
79764,0
25328,0
46585,0
52564,10.2382
92811,0
72724,0
3485,11.2072
1340,0
57644,5.2617
1331,3.5292
101290,8.3352
16285,0
88232,0
33936,13.0711
38110,0
58518,0
12219,4.4788
90970,0
48398,0
25847,0
45615,0
44846,3.8075
91538,17.9115
88766,0
81407,0
25898,0
25419,0
56714,0
58828,0
93698,13.424
43358,3.6688
46069,6.987
37816,0
98721,0
98867,0
68127,54.1922
83280,7.8072
86127,7.1952
65760,5.5749
34724,6.651
56423,0
21070,10.2965
65663,0
50170,0
93447,0
25190,1.0241
87129,0
14226,0
40481,0
18756,0
52797,4.7197
103492,0
48110,1.4849
42086,0
69591,0
48178,17.28
77481,0
47210,13.8165
26912,0
76404,0
51920,9.0865
21338,3.9646
8669,4.3644
57486,23.7284
40386,0
524,0
39827,0
76233,0
20359,3.3944
98652,0
102578,0
42100,0
1721,0
17360,0
41262,13.0326
452,0
74867,0
55388,8.1432
25218,3.6577
100486,0
39095,10.2335
80389,4.5884
93270,0
41054,3.2292
48994,0
47806,5.3645
23571,0
45169,0
7285,0
34776,4.9565
74940,0
44721,10.0128
61354,0
66754,0
58085,0
62945,0
70451,11.1307
72056,0
87301,0
98330,0
101282,0
33288,0
52160,23.5962
22755,0
72673,5.12
77857,8.2822
96295,6.3768
40904,0
52790,5.006
72517,5.6011
104491,7.7723
88098,0
23400,0
18502,3.7819
58099,0
17233,4.4947
23780,0
28659,0
68152,3.6335
88991,0
39326,9.6112
45555,0
68972,0
68180,16.1019
9473,10.2919
48786,8.0382
33691,5.9155
58131,3.4209
81301,0
66067,0
76522,0
54053,4.034
45754,0
70861,0
2736,2.5436
67070,0
87229,0
58910,0
67332,0
19846,0
92983,0
8990,0
65698,20.2226
23210,16.3339
7526,0
61160,0
64277,4.5752
98262,0
47073,0
87061,6.2366
50039,7.9585
53814,0
73560,8.5228
104542,3.2174
75030,4.3835
91620,3.7648
29956,0
11087,0
2731,0
51614,0
12896,0
49224,1.9101
69371,11.1408
70847,7.5962
62717,0
47295,4.353
76351,0
54368,10.7032
7253,6.5736
57530,0
24875,0
30001,3.6197
92090,5.0217
97816,0
72548,0
70106,8.2141
35802,0
17986,3.3879
74357,0
30733,0
66333,5.5708
34503,3.48
50242,0
92535,0
5654,0
34022,13.1069
56823,0
8991,0
46287,0
10614,0
65020,0
75985,0
20201,0
56390,6.2246
104804,16.6679
20509,5.1103
82521,4.8507
55728,0
92137,0
80331,4.9567
89212,4.7831
60431,5.8216
99300,6.1061
3583,0
54178,0
101667,3.5442
64412,0
52260,0
23256,0
1391,5.3684
167,0
10350,15.9182
5127,7.6371
37092,3.4565
58957,0
46734,0
97818,0
77218,6.1403
89255,8.527
36601,0
1893,0
51438,0
91450,6.2234
4114,4.4973
55595,0
49060,11.6143
28620,19.4029
35535,16.5281
39792,0
49485,0
40320,0
5084,6.7084
25319,0
63082,5.6091
82804,0
11680,5.8382
103899,0
52075,5.9016
18223,5.6533
45812,5.9011
85547,6.7079
77458,0
95993,0
26149,0
24685,0
30714,3.7588
94899,0
96476,17.0291
99110,0
85697,1.199
77961,0
44226,0
104283,0.895
15100,0
96217,6.7639
23349,0
48323,0
63288,0
78409,3.1538
50292,15.7251
4090,0
82044,5.2707
97238,16.8241
19593,6.4259
80095,6.6658
23304,0
59914,0
80915,0
65062,2.3419
10855,5.572
16306,1.0303
12556,0
72017,11.5847
95049,0
99592,8.1523
80538,0
32557,4.8964
56509,8.7416
3562,7.0074
99625,4.6211
38367,8.3507
37409,13.468
95795,0
19377,4.3467
62471,0
59187,0
24955,9.6523
83483,0
83241,0
33488,0
7856,13.0487
29033,7.58
83285,4.8205
30876,0
34887,1.3609
12832,0
31489,7.6416
65345,4.9596
94612,0
50341,6.7828
97770,0
11304,2.4068
79502,0
90715,0
97009,1.5725
103076,10.5224
85307,0
859,0
11589,12.902
31332,14.7741
61913,0
15952,10.937
34956,0
89925,0
43006,14.1296
102985,6.4598
9241,0
47427,21.0854
65371,0.818
75102,0
89658,0
69758,0
76874,0
34924,4.628
97902,4.2516
20594,13.9579
17162,3.6251
48917,7.943
85615,8.6462
57935,0
7111,0
94303,6.6557
28096,0
5390,0
63102,0
59731,0
34903,0
50541,0
1890,0
42977,11.5814
52028,0
70090,16.5198
39014,0
63022,0
47600,0
47088,7.4079
50862,14.993
68713,0
31572,0
26862,13.1981
45799,0
7558,0
60993,0
7921,0
40188,6.4996
79887,0
21614,4.2292
85489,0
14189,0
19675,0
71990,0
3526,13.4795
2983,11.8187
43649,9.0983
101605,0
32613,9.3675
87989,0
90139,12.5417
65627,0
66157,7.4649
80453,0
49675,0
45337,6.3554
93885,31.6667
10346,13.0081
89009,3.9876
32734,8.007
54891,0
10641,0
5124,4.791
24210,0
53053,7.43
85801,7.8654
12182,0
51456,6.6275
3229,0
27901,5.8166
24441,13.4108
31711,0
101110,0
74245,0
42456,0
84619,0
13138,4.4106
98638,5.2889
46219,6.1803
44787,0
39598,4.3121
38963,4.5272
75128,3.2733
39419,0
33247,7.0787
87084,3.4058
53152,7.9396
76279,0
8233,0
29528,0
36254,0
51271,14.2561
44953,0
99480,0
20521,9.2892
91510,2.1012
51094,0
76114,0
59797,9.3904
13796,18.7557
66154,0
37318,0
101670,3.6395
97711,0
18477,21.8962
89072,0
95720,6.9626
100436,4.9853
83047,0
44102,7.2623
20835,1.1367
67262,0
41795,0
57836,4.9047
94369,4.1817
35661,9.7083
32172,5.5671
82080,0
69284,23.0122
26958,8.0729
103784,6.4103
83114,0
24477,0
5585,0
46281,0
8169,0
80276,11.2819
82611,0
33282,5.0693
66293,7.0314
17181,0
56362,5.4087
22137,4.612
22289,3.6539
94881,0
19478,18.7096
36256,0
28625,0
102690,0
54356,0
47666,4.8095
73730,14.1945
72272,0
58463,8.4522
5000,0
27404,9.8783
87384,13.0637
80467,4.9429
33747,0
76159,0
43525,6.01
1850,10.1684
93417,0
87270,5.9644
25077,5.8212
6150,0
67767,0
49560,0
20698,17.733
57309,0
94534,0
103560,0
11553,13.9031
38929,0
81206,0
56802,0
65159,19.8122
76177,0
103569,0
19355,9.3732
44330,0
34972,0
101185,4.89
77547,0
66055,0
35134,0
70791,1.593
75713,0
103994,0
65767,7.325
17728,26.3516
40523,0
30726,4.2209
83771,0
17119,0
50740,0
102944,0
48339,0
67663,11.6356
25203,3.3935
82727,0
85556,0
11491,0
85941,0
56457,3.8771
59160,0
69459,0
71602,9.2416
74903,0
69669,0
23811,0
94755,0
81092,25.3232
89633,0
23192,0
30244,0
19671,6.7653
16816,0
23495,0
62180,0
95185,7.0559
3947,7.3739
82546,0
89907,3.8969
4330,0
49337,0
71962,9.5943
46215,1.6606
11742,0
952,0
47536,0
89372,0
33256,6.1595
100676,8.1894
85405,0
104808,0
32196,0
81362,5.8097
47016,3.9362
1997,0
74778,0
52346,3.4681
104472,13.6884
23482,3.6228
73024,0
94243,0
80836,0
46571,0
95833,3.1721
60362,0
67900,0
52417,0
80991,0
67234,1.3185
32345,0
66325,3.4243
24169,6.3563
29655,4.4127
81065,1.741
57465,4.5383
84413,7.2017
58786,0
83246,12.4605
19071,6.9153
46075,5.7933
45862,0
57279,0
31142,4.1571
23668,4.5463
22088,4.5668
49995,0
6730,1.4483
58659,5.3326
2556,0
85962,6.0226
78804,0
56678,0
39644,3.8252
77163,0
37063,0
73369,0
98813,0
82779,0
54911,0
69117,0
46050,0
17514,7.6521
21415,16.844
9059,4.6088
101881,0
65507,6.6464
72276,0
31648,0
18439,3.1898
76621,0
76923,0
63020,0
95738,0
52636,0
20156,10.7312
65174,0
11204,0
53046,6.1991
36913,9.003
10000,0
81214,0
74094,0
23421,7.1752
62705,10.3635
77372,13.5758
104729,12.323
35082,12.6053
4985,5.8036
58812,3.4429
77390,9.7689
60754,4.8537
18333,10.3243
8916,4.0947
46984,0
36440,0
15034,0
41127,9.6552
69852,2.6134
98444,8.0702
42658,0
37462,0
75166,7.0334
46206,0
30782,0
47287,0
54867,0
103886,9.1971
86602,13.0472
96175,0
75650,0
100907,0
20552,3.758
20331,0
50621,0
42060,10.4304
9958,4.8999
41364,4.7432
87968,19.2662
37229,16.538
44889,7.1335
101437,5.163
24564,0
10086,1.0636
56997,0
56546,0
56587,11.065
47408,0
76476,3.3249
18478,17.7979
56761,0
78096,19.1751
98474,0
7384,0
16317,5.2989
67311,0
8571,7.9162
105462,3.5212
52846,0
46874,0
49470,0
60216,10.843
44797,3.5264
146,2.53
12291,0
45137,0
44644,0
77055,0
69508,11.3878
96840,5.9642
53948,5.8148
83580,0
32779,10.0547
48347,0
91111,1.3899
27118,0
16826,0
31151,0
36219,8.8424
13804,0
77689,0
20997,0
10850,0
82051,0
29591,5.2059
12630,0
54737,7.1585
12681,5.429
103059,0
61861,0
41607,0
17199,0
8510,0
57043,2.7353
99032,4.4436
10289,11.5747
92779,4.868
104923,0
103700,0
30639,6.0245
11932,0
38526,9.1731
17927,3.9098
49631,5.9357
5867,0
26634,0
14463,0
85413,7.1119
102653,4.4673
6693,0
34366,10.7739
6590,3.842
10782,0
30807,0
43702,4.0088
80127,0
46289,0
43722,0
82331,13.1602
103706,0
49328,27.8774
6273,0
79773,5.0989
103024,1.9149
13553,1.699
66340,0
90368,0
51344,6.2244
82501,0
68334,0
19507,0
49503,0
37918,16.9609
49985,7.7678
66531,4.5726
69049,10.0528
50800,0
83691,3.0663
87399,7.8472
7310,0
49875,0
67932,0
96881,0
104085,2.3932
73315,0
34556,9.6665
926,0
62795,5.1818
46008,0
47107,5.5984
45257,7.9805
35854,0
4257,15.7314
79519,0
4788,0
77074,0
83582,12.7211
84184,0
732,0
30195,0
9435,13.3285
36988,0
8183,10.8267
36556,0
46742,13.0374
96038,5.5713
16187,8.9104
16355,2.7581
43402,0
24343,14.3902
4001,5.017
50293,0
53119,3.1874
53543,0
9400,5.008
79150,0
93561,0
77217,6.6809
24180,0
43680,0
95394,19.523
52288,0
81725,4.4966
798,7.6697
92587,7.0456
81329,10.7981
22337,7.7725
81521,0.5733
56885,0
57633,15.2884
40272,6.9092
48555,0
68094,4.6556
54823,0
102259,9.0208
81394,8.8773
91484,2.0117
33888,8.7621
102039,2.8536
59361,0
59226,11.7819
102695,0
33878,9.7928
73915,0
36136,6.9381
47099,0
69681,9.1398
86180,3.1619
50664,4.1426
57152,0
10746,11.3445
66610,0
86620,13.7885
54493,14.8172
84703,10.1022
103206,0
74144,0
99060,0
71803,12.4684
83337,0
43733,18.9833
102496,4.8144
75519,0
17000,0
16619,0
100890,1.5695
104970,0
17291,17.3751
72920,6.3671
22075,0
92590,5.1941
104817,0
51444,0
24136,0
43232,6.1939
90619,0
32408,17.2523
48735,0
101171,0
64920,0
87394,7.0914
48165,0
50528,0
102057,0
35873,0
18279,2.905
39937,5.6757
41212,0
54375,0
80378,3.5956
2915,9.2417
3156,17.4885
104879,0
25807,0
66058,0
55584,18.8992
15864,12.0991
91850,0
46683,13.0553
66769,3.8005
59824,0
53192,10.2656
100615,0
84666,4.5964
53221,0
42038,22.773
62281,10.3781
31111,7.4162
90763,3.9303
35588,4.8348
78003,0
63598,0
37313,18.129
1567,0
36737,7.4508
18740,6.0337
13849,8.2209
44735,6.4969
55267,0
92637,6.9055
80772,7.012
76772,0
56956,4.9795
7622,0
69276,0
46834,4.1996
40303,7.1629
94625,9.8332
56555,0
31734,10.9112
26587,0
79007,9.1202
89183,4.0818
87040,4.0528
96160,0
53445,4.0731
31885,0
103747,9.5053
7035,0
12385,0
25584,3.5801
54633,10.9169
58287,0
21691,6.341
89637,4.2646
45951,1.4069
90695,0
48528,16.7126
66486,2.6421
91483,2.5081
63538,11.1447
11372,0
27184,0
55465,0
62960,7.623
25333,0
17866,0
61621,0
28148,15.5389
98047,0
7707,0
26325,0
103928,0
14516,12.4417
33971,0
87055,3.4066
6559,0
53072,15.7505
3158,0
73713,7.8837
50672,0
68533,3.5317
93003,0
42375,0
85221,0
64902,1.8754
101904,0
42793,30.7584
14342,0
21644,4.6356
68955,0
98775,0
27420,0
98895,0
93656,0
99442,0
90131,19.774
24355,10.4031
42381,2.3557
51828,7.3926
82190,0
79637,0
17057,0
87626,0
50993,0
97023,0
26977,7.719
1657,13.6971
55599,3.0903
104148,0
16638,0
84331,0
96722,9.4829
37082,3.7751
31737,14.4331
31491,0
37353,0
40709,0
25352,5.1564
25062,6.4597
58342,0
37526,0
22084,0
51937,10.1855
74275,9.7002
25900,3.5763
61955,0
28643,0
15546,0
44177,5.705
36168,0
23090,0
72916,12.4705
98841,9.2487
35292,0
63095,2.8227
59799,2.3834
68909,1.6134
47515,0
39076,13.5457
14619,0
33194,0
56397,0
91945,15.5811
39347,0
33968,8.666
81408,10.48
28564,0
70035,7.9469
52690,0
81259,8.5875
13738,0
47505,0
65076,1.8379
73939,19.2591
21044,0
20914,0
82869,0
8491,0
49845,3.4805
47647,12.2711
8440,4.5047
101744,0
36651,0
49448,10.9509
97666,0
40962,6.6144
28532,0
78405,0
88899,2.8734
102532,0
44269,12.7633
83462,0
23285,0
64964,8.2508
102617,0
4890,2.0936
6373,29.606
67308,3.7493
36813,0
104375,0
104515,0
89512,14.5309
14338,4.5703
15321,0
82889,7.8986
15776,8.8363
86880,15.7505
85844,10.6852
92521,14.3136
94479,1.8764
18042,0
89881,4.007
15335,0
83956,0
5245,11.3832
90642,4.5523
5932,16.0959
26987,5.0046
91803,9.2808
40789,7.5283
14959,8.4521
36249,6.3945
88972,10.5668
11277,16.5187
71804,0
81349,0
68376,0
93644,0
22599,4.0632
4013,10.7185
6299,0
9542,12.5113
84604,3.0583
64682,2.7576
54455,0
65379,9.3207
59344,0
77456,19.6462
86583,2.4503
16299,5.6698
42382,0
14882,0
53173,2.6797
67982,11.1481
33570,7.3859
49990,5.0683
93981,7.1421
34186,5.983
50684,3.9456
97314,15.2399
1822,0
85130,0
26102,5.9065
46928,0
10661,0
81707,36.3872
98505,0
43233,0
37623,0
94700,3.4715
39180,2.0062
80199,10.9301
90092,0
1189,22.8368
50970,0
21815,4.1634
44958,0
78816,0
41026,13.9225
105444,4.414
42428,26.2089
59607,22.7635
34287,23.5475
94475,6.9783
30840,9.4624
60357,3.7587
75389,0
21985,5.9838
20860,8.2246
21923,0
7170,0
68391,0
9724,0
54709,7.638
15674,0
34617,0
67180,0
79051,0
20383,3.3041
28866,0
76030,0
91865,18.4339
39489,4.2606
99678,0
30652,6.1112
49244,0
15472,0
55240,19.8535
104697,0
42976,0
75018,0
69375,0
77597,0
14120,0
66807,0
25013,0
14928,0
54385,15.565
3073,18.9143
89338,6.0039
40593,0
98872,4.7423
102880,0
35522,8.3979
102183,0
24600,2.4205
3910,0
585,0
40627,0
52929,9.6178
14823,0
66987,0
82220,0
27933,8.8824
61568,2.0872
96140,6.386
99083,0
62441,0
67319,0
102213,0
43063,6.5756
23452,10.7368
92280,0
56552,0
19861,2.8877
6154,0
34604,9.9654
94296,6.7891
50321,0
19108,0
46628,0
85229,0
28729,0
12570,16.5519
81103,0
20436,9.4232
102913,0
88304,4.4759
56672,7.0761
16629,0
64870,0
87407,16.9058
44144,0
14341,0
19682,8.4918
50628,0
42046,6.2338
17888,11.8207
79642,0
58179,0
96665,5.0246
10573,13.7199
96218,0
91741,14.1041
21722,6.2533
20582,0
65931,2.5467
97882,0
98111,0
75816,7.2116
46496,10.0647
105332,0
75633,4.5345
5098,0
46252,18.8462
74126,12.3769
9432,6.9574
48068,0
75110,0
81574,0
84647,4.1723
11021,0
65538,0
26455,0
13962,0
27499,8.7173
37802,0
64700,5.061
25871,7.6818
75747,13.2249
51826,0
7321,0
92446,7.0651
73447,6.8173
83290,3.0661
71787,21.5687
62490,0
3433,0
62140,5.6211
2846,4.9118
38928,4.9829
30945,0
33463,1.8772
60805,20.0629
10564,14.3863
18671,0
10977,0
1927,7.3435
100610,6.8488
75488,0
11224,3.7374
74557,0
2891,0
20274,0
14108,0
69898,0
73004,14.7358
67489,0
45057,0
31537,9.1005
80751,4.6586
7511,0
23175,16.4748
81302,0
94327,5.2366
31047,0
74630,0
87690,0
102377,0
2469,0
105471,0
63748,6.8084
75767,0
82794,0
69109,0
50529,9.6484
20922,0
8038,0
56352,0
18715,1.8099
7446,0
69510,11.6925
48190,0
91661,0
10272,0
83822,1.7239
103708,0
5772,0
84215,2.7402
56487,7.801
73478,0
65748,0
47667,2.9647
16818,0
43532,6.0116
49615,0
5038,0
10814,8.8799
81832,6.9139
676,0
30091,13.6719
41133,0
101799,6.4451
27902,3.3834
30600,11.8937
35983,0
41621,0
13908,11.1818
32947,0.843
17426,0
36581,0
9753,0
59330,0
36632,7.1435
56468,0
17955,0
21925,0
38086,14.4268
86310,4.3011
3054,0
36347,0
36446,13.4904
69367,7.6343
27498,21.0334
3013,10.3732
55997,0
72773,0
68513,0
77940,0
13379,3.0513
40623,0
21143,0
90175,0
73234,10.2545
41520,5.1805
72766,0
57206,16.5423
94517,5.6179
79399,0
100240,6.2978
58316,0
102313,6.1337
46128,8.0941
5913,13.6967
57556,7.6316
95896,4.5467
68301,13.3399
27067,0
98311,0
46875,0
25222,0
41777,27.4137
46037,1.5624
101206,26.4373
100015,0
84799,10.1338
30868,0
64533,0
21813,0
27130,0
3221,2.1189
90704,5.5548
31247,3.496
32784,10.9246
41131,0
36859,0
76429,7.1476
17846,12.4831
5918,0
20932,0
91297,10.4477
26878,9.2107
44729,9.0184
40223,0
88265,0
6003,8.393
26511,5.2607
65954,16.1815
62419,0
14172,11.6916
1869,0
56814,7.3162
94944,8.0294
99281,0
79934,0
51143,0
71669,4.6392
11402,24.6959
1487,8.906
3340,8.417
79483,0
28599,0
72462,0
59410,6.3183
8889,0
28965,3.7413
77475,2.0223
32500,0
97841,0
52963,0
33650,8.493
19819,8.7841
80044,16.0902
10899,6.5626
64399,0
9807,11.7851
42753,0
33930,0
31521,0
42645,0
6699,0
83447,7.4573
84300,0
75132,6.469
44968,4.9279
48039,0
21083,17.3702
64826,6.0231
16901,5.6177
70087,0
87430,7.2976
67335,0
104132,0
52998,7.7869
89213,10.6157
61321,0
25238,9.7568
81624,0
10016,0
22384,0
31666,1.3725
104217,0
102991,12.0815
69213,0
84196,6.6986
77964,3.8335
14326,0
29831,0
102262,0
49393,0
24122,0
62587,12.2075
88878,0
35670,0
89455,11.6205
15256,0
32235,6.3726
30027,0
95953,0
90641,0
26600,11.3064
68103,0
89642,10.8641
26322,0
70118,10.8987
20391,0
41339,0
25615,10.1705
91166,9.2279
19342,3.8049
93734,11.098
84343,7.4679
42871,0
96216,7.6016
38989,14.1751
32682,0
52277,4.2433
16739,0
55656,0
32010,13.8764
57837,9.8003
58359,1.8708
4325,0
31421,3.6929
26659,0
65640,0
57478,0
37558,7.9903
31657,0
80202,3.4833
60299,3.7244
42450,0
62507,0
60392,3.9684
38205,0
31956,0
99316,26.7682
38918,28.0772
24539,0
66908,0
14348,0
26683,2.9825
53715,0
79597,6.4951
23820,0
62826,10.7364
1775,0
54244,4.8014
40588,0
68699,0
89802,0
71781,12.8232
10037,0
60777,4.8204
48795,0
83922,7.6323
84156,11.4114
31508,3.8895
5912,0
6480,6.2435
21374,0
20035,15.777
97116,8.4178
74089,0
1917,0
71222,0
46450,0
48037,0
87065,0
100925,3.0252
91687,6.5323
41497,0
26476,7.0423
11398,0
40376,0
77138,0
55662,4.2822
65894,0
42801,0
98491,5.2845
7094,8.8078
51794,21.8595
71387,0
34338,12.8476
98757,0
58042,6.3919
3877,0
74653,7.7487
33388,15.4686
54766,5.5918
72212,5.3751
27216,0
69366,0
38254,0
51169,0
46596,0
93715,3.7421
47905,0
18609,0
81798,0
99136,0
59448,0.0787
49134,0
17193,8.5161
62446,0
63569,0
50798,8.1366
98924,0
19850,4.9391
94973,5.3698
57457,5.1338
105032,8.3117
25035,0
46618,0
63883,0
48065,0
103231,7.3499
64572,0
104789,6.0091
11943,8.8216
50600,7.988
103037,1.2833
65865,0
58528,4.023
24178,0
25205,0
79680,0
1502,6.6708
66830,0
80983,0
68884,0
78520,0
48675,0
42462,0
17577,12.8074
36575,0.8446
33845,0
24191,5.0723
87390,0
69345,0
8814,3.4314
58855,7.3863
75828,8.2711
47363,11.7007
45969,0.6971
93702,5.365
27801,4.0889
26281,5.8493
61676,0
43541,2.6746
31790,0
58599,4.5924
56178,0
99238,2.3061
17363,2.8385
45771,0
96098,0
90546,0
78437,5.8705
86998,9.3601
101469,0
83754,0
95270,0
103090,0
12764,6.5589
12271,0
34260,12.8593
7681,0
99784,0
98553,0
85227,18.6132
8971,0
30400,0
57198,0
100696,9.0972
84912,11.2243
88516,0
89821,0
73879,0
13555,7.6375
61250,3.0956
28752,2.9103
2714,0
92082,5.0991
3109,0
13605,0
87566,0
15896,10.8695
82291,0
55735,0
104552,0
88757,4.2613
533,0
40800,0
4940,0
100421,0
84980,0
67231,3.825
10786,19.1699
20595,7.0849
32018,0
89055,6.4602
70459,2.1884
101883,0
86611,0
79932,0
100749,0
30418,8.18
63653,0
7569,8.1062
85256,0
97454,0
2982,13.8114
48349,0
85800,9.6502
46870,0
68385,0
58613,12.4837
73881,0
85371,0
43124,3.7189
54397,6.0587
53205,2.4277
49426,0
90945,0
3132,0
47970,0
18499,0
100933,2.5037
51479,0
81726,0
75272,8.623
71710,0
103241,0
53403,0
57544,8.0611
83576,2.4625
63728,0
86303,0
14073,0
79269,0
74156,7.5657
103450,3.6385
23553,0
12488,6.8844
70696,0
46865,0
56089,4.1147
715,0
91979,4.8003
67760,0
11804,3.9783
53225,0
99669,0
92237,7.1904
4598,0
31203,0
66016,0
5231,13.381
33538,0
58714,0
14359,0
91612,8.4064
13162,9.6481
48556,1.071
86202,0
17772,7.5961
22400,5.7837
57505,0
27710,7.7213
101918,0
68825,0
103726,1.1713
52589,6.3202
76349,0
58867,0.5129
38028,0
85687,0
47663,0
78721,5.1164
79577,0
27293,12.6365
65715,9.655
6643,0
22667,2.0652
1198,0
54525,0
6881,0
15211,4.4928
53601,0
30805,0
79819,7.3785
73352,5.5542
104987,0
80810,0
68844,0
102814,0
74868,0
5965,0
28152,0
94366,0
93116,0
97260,3.9381
35057,9.1787
96032,0
104553,3.5566
26930,0
46229,0
54541,0
1450,4.1305
40137,7.9044
32501,16.9798
59578,0
54169,0
101652,1.5429
49305,0
40486,0
95722,0
15286,0
62525,0
71329,4.6781
10467,0
60836,0
82802,8.2916
95632,0
101741,0
8790,4.8601
90868,13.7653
58539,0
71977,0
95189,20.4112
83003,0
81980,0
75464,0
61839,4.3382
11902,7.7921
46380,0
64413,0
7162,10.7163
47567,5.3832
69550,0
97411,7.3004
69322,0
10694,5.5224
77309,5.1506
14136,12.1211
69541,0
95535,0
62389,4.9714
51473,5.1002
39538,0
16161,0
37754,6.0937
86723,0
90889,0
94444,0
49366,0
74087,0
10728,12.1185
6477,9.5533
27429,0
85469,5.8759
81240,6.462
67961,23.3153
81213,0
37645,7.643
95116,9.7888
104294,0
97385,3.2762
76265,0
11574,0
105469,6.955
24258,0
14032,0
75308,6.8088
97176,0
42283,0
94032,0
5169,5.8311
41122,0
49602,0
48484,2.6132
37485,0
80998,0
71344,0
98197,0
105411,0
88303,4.9043
91189,0
65423,0
53475,0
17069,7.2955
103856,3.0987
40638,0
70610,4.2472
15589,4.9492
14948,3.6662
65588,0
58372,8.4177
12718,12.818
85505,0
85611,0
62028,8.7389
68492,7.9221
20798,17.4199
24392,0
33028,0
37126,0
63521,0
71607,3.885
87428,0
65446,5.7481
98886,10.0241
11991,12.9399
51126,0
11633,7.4767
83652,24.6368
80576,0
4362,11.8292
96994,0
40411,9.764
99064,0
13420,6.6628
74284,2.9351
17831,3.4294
77831,0
70700,4.5295
62743,0
21410,3.5472
83563,10.0246
26017,0
103669,6.1843
48052,0
50945,6.5284
31453,0
81241,0
780,0
14068,0
93638,5.4183
18982,0
31124,0
3282,0
28465,5.2144
77276,0
87761,9.8639
83590,1.6979
58281,7.869
29279,0
60453,0
97981,4.0667
45843,1.5138
52565,6.5029
23785,0
72563,0
101885,0
11551,10.9189
43893,0
52996,5.4881
51064,6.1608
32644,0
84824,0
69668,0
40551,0
15246,0
4163,0
18093,12.9597
40038,0
61875,0
38935,0
84946,0
55998,0
55287,0
35537,10.516
11922,0
19857,0
582,6.1929
31165,0
12451,0
62807,11.2894
9327,0
56129,0
62681,3.6275
5313,0
24495,9.0755
25178,0
29125,10.2472
64290,0
97131,0
7662,0
77729,4.6619
2298,0
79951,9.042
41550,0
17549,3.1976
94570,4.6559
24612,0
29113,9.8643
29627,17.027
72921,13.2837
27424,0
66292,0
7624,1.9237
2186,10.3504
39060,24.3077
81280,2.2512
45305,0
10846,0
19386,6.9271
77235,4.0123
66403,5.5084
46818,4.2267
89839,8.1931
98682,4.9552
14152,0
42081,0
75225,0
88911,0
27133,7.9876
83942,0
46333,7.3007
75323,0
84283,0
45909,7.6307
39813,3.5212
40650,0
37703,0
47450,1.6551
97203,0
60490,6.3619
70563,11.7495
94171,0
35760,13.3365
53438,10.624
16534,0
68961,0
38710,0
88120,0
8639,3.8161
14051,14.0856
89368,0
20747,0
97096,0
5827,0
62568,3.3564
39491,6.5343
81530,7.2525
104097,2.6276
67845,0
49595,6.0488
44497,11.0742
93949,3.4889
28431,0
88298,10.5558
103961,20.1678
94730,16.4742
74161,0
83978,7.1853
23010,9.3905
94726,0
26501,0
38808,0
53816,0
12829,0
33257,22.0364
76960,0
88566,19.2538
17581,2.1862
55756,6.1389
24920,21.297
80216,5.2258
65010,0
35338,8.92
65468,0
89419,9.6904
70534,7.5851
48978,0
85515,6.1681
55938,0
80241,1.2516
51407,9.7499
74169,3.491
58496,10.4422
86770,11.3432
1939,0
67861,0
98917,1.6444
49379,0
49666,23.9915
76577,2.6202
46860,0
24209,0
99530,0
99518,3.9325
92202,0
1942,0
38267,6.3452
3840,5.1724
43506,7.7746
86543,6.9233
7597,7.3699
70024,22.9327
105251,8.6001
62336,9.3409
47943,17.21
16555,8.3586
59844,4.5348
36289,0
17733,11.248
91340,7.9206
78611,6.2158
32684,0
35263,17.0764
38393,0
65392,17.8938
64324,10.6298
27580,0
13821,0
2187,0
59484,0
2274,8.2174
21515,0
100272,0
88290,0
32575,0
87665,0
24127,4.3251
36797,0
101191,0
31154,0
49418,3.9785
77643,7.4068
48415,0
32786,11.3113
52462,8.841
70376,3.3494
101104,0
84673,5.9923
86057,0
33755,0
22536,0
51926,7.2868
39485,0
24700,0
96776,0
89381,0
98878,0
79448,0
86167,0
54797,4.4428
39495,2.632
36873,0
1480,5.1389
88228,0
104134,0
89111,0
41939,0
48453,0
27714,7.3751
5253,0
38552,0
47634,0
58026,2.5526
74039,1.5216
52255,10.0966
101153,13.2787
83454,0
43861,0
98354,6.8492
103265,0
66057,0
87330,5.5479
60617,0
27361,0
11019,24.6736
42605,0
41266,0
76458,0
51707,0
28229,10.404
61340,0
98766,14.7568
103343,0
39555,6.3936
97525,0
103177,30.1229
81855,11.2777
44705,0.3542
9989,9.3262
94381,5.0265
51238,4.589
76633,0
8284,6.2462
9804,2.6804
80473,0
5406,0
74671,0
14710,0
24816,1.4846
6860,6.4114
86463,7.6602
61225,0
54506,8.1815
42493,0
76258,0
32647,5.4809
9014,12.1991
11052,0
82928,0
85193,4.8695
76904,0
33641,5.071
82752,0
618,0
30672,12.3891
84259,9.4352
53390,13.3526
2230,0
83933,0
93647,0
79605,1.8197
98966,0
78467,0
36416,0
5801,4.6655
53316,4.798
9652,14.1034
521,0
72589,0
57004,0
61786,0
66186,11.9645
45192,0
54346,0
7871,1.1142
29127,8.7279
89459,11.1695
72197,0
61198,0
43027,5.013
63769,0
49376,0
78283,3.5925
93395,0
69643,0
48934,9.7532
53742,0
56945,8.6157
56984,3.6646
73804,0
71685,0
93293,5.9831
104852,0
90129,0
18850,0
1184,12.6889
29868,3.507
94033,0
37750,0
41327,4.3577
66787,0
27537,0
60945,2.5318
51489,0
6851,0
72034,0
94751,21.2072
60465,0
65505,0
84441,8.3488
2560,0
12543,11.6862
101470,1.0072
55236,6.1778
97991,0
24099,7.5355
101665,0
59605,0
70565,0
11777,6.1483
24891,0
11144,10.8649
30785,8.8532
27590,0
84563,7.8594
61800,0
70005,17.9668
3403,11.7364
1420,0
82030,0
54238,0
77616,15.6559
15333,13.0114
61341,0
62586,0
59918,0
99147,0
64919,0
91789,0
90541,0
21545,7.2259
11881,0
8589,0
4809,16.0661
49264,4.0105
57950,0
85494,0
310,5.748
51182,7.3268
46824,5.9829
102508,4.2507
18862,7.4498
92655,8.7507
712,11.2693
4992,0
32692,5.0019
81351,4.1403
25089,9.5524
30601,0
65896,0
72147,10.3214
98212,8.1642
263,3.7266
75369,0
52975,37.2219
18456,0
61775,0
17486,4.8486
55155,0
33857,5.3055
78131,7.5599
3402,0
67252,0
68373,24.0769
104002,0
51550,0
13867,4.4042
68141,9.4575
78246,0
61444,0
6633,10.9062
41923,0
98483,0
20261,7.0539
8980,0
70008,0
102574,0
32497,18.7035
69151,0
17354,4.8532
76128,0
98516,0
78360,8.3647
63879,11.9769
36298,0
98260,0
50547,0
24897,0
51404,0
103471,0
58441,2.6761
78188,0
28345,0
86214,6.6539
24229,0
88996,0
65145,0
87318,0
71986,0
20491,11.0294
96904,8.7214
83670,14.3577
65763,3.5377
66478,7.8818
19206,0
30795,0
71137,0
65194,0
82586,0
93324,0
86424,0
39196,2.1067
66382,0
90250,0
82105,5.2403
20534,11.1259
70364,0
32573,10.1719
3662,0
97608,7.9033
22338,9.2597
99133,0
100122,3.6234
17222,3.9117
79656,11.1485
18772,8.8802
57244,0
105189,0
88718,0
34343,0
15319,5.9373
67241,0
12198,0
47222,12.3525
32783,0
33503,0
93821,6.8614
20229,4.6319
95544,0
22052,1.8435
11406,5.6687
77366,14.4922
27030,0
96100,0
8970,4.2494
35533,0
69358,5.9998
75766,0
72972,0
35214,0
98850,8.9168
57976,2.6934
68520,0
74016,0
71239,0
27112,0
56443,10.7318
2217,0
91488,5.2206
12975,0
14829,1.9511
17647,4.849
70298,2.9082
91327,0
7150,0
101125,5.0901
30922,0
67069,0
93562,2.5677
52149,0
95294,0
59455,0
9278,0
57983,7.0633
44984,1.6489
79107,0
54809,0
57663,0
66035,4.1088
89930,3.0531
50550,0
32545,0
4643,0
66626,0
22178,0
15461,0
52102,5.9203
26053,0
30930,0
104812,0
81052,5.2216
9223,0
88366,0
32851,6.3716
79923,0
50384,0
24654,0
18243,0
40712,0
2228,0
18532,6.0703
72127,14.5861
56778,0
61333,14.2725
34112,0
55941,19.1422
3417,0
21389,3.2601
33449,0
76602,6.3506
60848,0
89284,0
95773,3.5413
90252,0
94526,0
10204,2.5266
76170,0
47189,0
35841,0
89497,0
62670,0
43712,0
102437,5.5929
9529,4.5388
47728,6.2019
14126,18.9225
21168,0
26328,11.9258
13712,0
32437,0
53499,7.1405
14275,4.5271
32414,0
42964,9.0935
79937,9.3453
27563,5.2547
98995,13.5201
87518,14.9057
99276,0
63928,0
90304,0
92312,8.4658
82280,0
91846,5.7103
58595,15.1636
21093,0
28901,5.7798
10312,0
62606,0
24967,10.0143
52752,0
87605,5.8477
69482,5.457
197,0
34077,5.7589
61612,0
40601,0
33127,9.3795
51694,0
38432,14.191
97384,0
42654,0
76554,0
37356,11.3978
69887,3.1873
9035,0
7220,14.5958
58770,6.9542
101234,3.0684
31753,7.1216
22092,4.3934
29745,0
46046,5.0219
42079,0
38189,21.631
79510,7.5339
77103,2.8463
76616,20.8135
80360,0
23489,0
22095,11.8561
89283,0
10382,7.8281
15389,0
14937,0
80870,0
37753,0
61194,0
21799,0
10051,0
22837,0
64936,0
65986,0
101777,0
88687,8.7462
31020,0
105141,0
93820,0
92852,7.6922
81786,0
49312,11.3457
5877,0
79092,0
41336,10.0798
79209,0
81608,0
87387,0
58636,0
28185,6.7438
97415,11.1383
20482,3.1005
63271,0
40856,8.8685
79486,0
24776,0
18964,0
92993,4.367
87482,7.8031
1430,4.9292
93473,13.4967
102050,0
66244,11.0267
2052,0
25645,0
44438,0
98957,5.1574
69418,0
13321,0
76495,11.9683
47273,0
80993,7.4429
36205,0
10696,2.6817
90885,0
15162,0
44166,0
29472,0
19069,5.2463
98697,0
32900,0
28767,0
4148,9.4737
50280,9.5496
100602,0
84700,5.1467
2517,6.4919
104864,6.7793
4303,4.5466
53256,0
86523,0
88997,5.177
35944,3.6754
9618,0
59107,0
82506,0
83308,3.8518
64581,0
47941,0
47240,0
6381,12.2261
7705,0
24437,1.5918
93991,11.7699
83247,0
24369,9.1371
91944,0
5927,8.2473
75990,0
34088,25.3832
36356,0
55564,4.1306
100358,0
57215,0
3641,4.3168
37005,0
96743,7.4194
16386,0
73439,0
9048,4.8713
8441,8.1211
18861,10.9823
10812,0
21540,3.0127
26253,0
42265,0
9089,0
12755,0
83936,0
17894,5.0926
47199,14.3684
72454,10.7906
62226,8.918
95513,0
36193,0
96025,4.3644
16094,0
73189,11.3016
17972,0
9050,0
30917,8.0463
88583,0
25028,7.3077
1588,3.9437
60806,0
99193,5.3524
23995,8.4732
20741,5.1558
104202,0
80427,0
74288,0
20096,0
20037,0
96979,0
67166,5.2097
78914,4.6175
9370,6.6664
63368,0
59297,0
101638,0
86086,10.3249
19999,5.897
28212,2.9044
32508,8.8069
1472,9.9322
71318,0
40589,0
100826,0
42385,0
67217,0
59090,0
50310,0
57569,6.2473
88358,10.9578
52388,7.8849
100886,0
32293,18.2681
52444,0
36146,0
30472,5.2827
29301,0
78006,5.2149
20023,0
82322,0
6549,7.2903
41174,0
61778,0
78181,0
25079,1.9821
93840,12.4317
29795,0
78670,5.8978
96604,0
99134,8.9197
34414,0
49671,11.2188
80579,0
33148,0
56091,4.2964
38005,15.0864
2567,0
73688,3.2709
73851,11.2903
35490,0
38404,18.7871
87735,6.6772
4340,24.0956
852,0
102546,0
27033,3.5138
10796,0
82573,0
12005,6.6655
91500,5.2187
38567,8.7336
27141,0
104093,3.194
29111,7.7106
49951,0
7159,0
70340,7.6498
44754,4.7065
104593,0
14861,0
69409,16.024
55737,0
60864,0
10411,7.3337
47768,14.834
55890,0
85197,0
35750,2.5716
85810,0
81482,18.2527
13537,21.7361
89988,4.668
30850,6.6201
22688,0
67545,6.3305
36152,0
11282,2.8511
19668,4.8974
97305,0
16394,0
79430,0
91248,4.3693
98122,0
18613,0
18561,8.6445
80023,6.0032
63002,0
29907,4.064
67491,0
13764,0
79193,0.6054
102355,3.114
56890,6.0192
26656,0
94563,6.6282
91179,0
42644,10.892
75077,3.053
20263,0
79398,0
82045,0
75342,0
46493,0
62789,0
29700,0
64970,0
85895,0
67526,2.4744
82003,0
74100,5.8764
88170,4.8206
102633,0
27947,9.8412
38241,8.2397
4442,0
73282,0
15968,11.0519
15455,7.2776
102601,0
93460,0
65280,9.7983
84762,0
824,0
25381,5.9355
45373,3.2666
56364,0
23335,0
17241,0
64718,0
53505,0
15367,0
94202,4.5924
5366,0
93814,0
58538,6.6488
93783,4.1223
48832,0
52815,4.9506
9787,0
58336,0
18056,6.1286
57376,0
22475,0
92652,3.7391
15221,0
98462,5.9773
10952,4.3927
45585,4.2703
33397,0
67712,0
43651,4.6691
80916,0
72750,0
86,5.0116
13419,4.9709
18419,0
71497,12.3382
17558,0
98085,0
19434,0
22277,0
28002,14.0227
88797,0
80201,7.3167
17899,4.2533
85012,0
11901,19.2073
29367,0
79726,10.522
8448,0
101542,3.7266
94797,10.3699
43264,0
91107,0
33906,0
24105,6.8915
89498,18.5563
73558,0
4986,0
508,0
69218,0
100817,0
101497,9.4039
98971,4.0028
22110,0
29166,0
58321,0
75730,0
20292,13.0378
35716,3.4883
40329,0
62966,12.319
51884,6.924
104425,0
31316,8.4503
11765,7.1917
54976,0
52924,4.3583
101117,5.6176
35295,0
82442,0
75982,14.8149
31325,33.8487
47395,17.3647
91497,0
81612,0
43180,0
50743,0
20671,10.5911
23998,0
83836,0
16689,0
16891,9.9737
11505,0
57903,0
104046,0
4162,0
26406,0
40337,5.8147
41993,9.5308
54055,0
51746,0
97489,0
25049,12.4459
51751,0
63804,0
101016,0.8417
92722,0
7293,0
30460,0
43029,6.2311
70236,0
79130,0
23277,4.1223
36373,8.0033
24134,0
56162,0
13393,7.2964
42248,0
5810,8.544
23807,0
77808,0
23022,5.651
46934,22.6648
71843,0
7942,3.4928
37193,0
59512,0
65299,0
71848,0
19540,0
102504,0
14590,0
32917,8.2762
102703,4.2392
100452,0
94553,0
30628,0
46397,7.0523
94156,0
21303,9.1545
80260,0
86668,0
58278,7.4058
47642,0
61325,0
67827,8.8425
84716,3.5258
45755,0
25227,0
69654,0
27619,5.9421
89304,12.7896
26915,6.2285
61275,9.905
36979,8.8759
29722,8.0568
3881,0
75993,0
21332,2.0245
58930,0
27039,0
52866,0.7701
57922,0
45219,0
22478,0
100789,0
5298,4.6374
10349,0
75638,2.2284
88016,0
48057,0
101006,0
36734,7.9813
39717,7.6993
33376,0
37403,20.1786
70145,0
16835,0
90935,0
6959,4.2707
85988,5.4496
79906,0
13275,0
33949,9.1732
26927,0
38471,0
22919,10.7628
102857,0
69664,0
79780,16.2267
83912,2.7232
94894,0
83745,0
99399,11.7024
74358,0
62634,11.1314
52695,16.9191
100540,0
103542,0
57799,0
29360,10.2693
31546,10.3414
92861,2.6781
58048,0
96269,0
97661,0
60942,9.55
22501,0
57565,13.6598
92154,0
41499,0
75927,0
75108,0
59143,0
59928,4.0768
28373,0
22181,0
90011,3.9601
26779,6.0049
69523,13.4421
30669,9.6722
83908,0
69848,0
71273,0
18852,0
68557,4.4357
32673,8.6253
69053,7.0099
26684,6.3334
77340,0
15111,0
57774,2.8555
91650,4.1469
42244,4.7256
5318,0
33001,10.6977
61866,4.4738
98712,0
54425,0
95357,0
100315,4.6624
50161,9.8925
54084,12.9706
39659,10.0554
58546,0
5832,6.1804
2258,0
40526,0
100897,0
26950,14.696
74328,0
68803,2.6352
96382,0
90074,12.7185
105374,0
85303,0
49920,0
61115,0
43821,0
80461,0
14214,14.0998
59120,0
20787,0
69370,0
97829,5.9508
49361,0
29513,0
62048,8.7097
21270,7.3052
77480,4.6147
15485,10.7895
55347,0
18033,7.0428
41067,15.3884
74515,11.4844
79846,0
33928,0
5842,0
37344,5.0356
53061,0
29804,16.6828
18002,0
79724,0
60026,6.8495
60123,0
49661,0
16671,10.0834
12018,0
88157,0
71809,2.8944
68834,0
30229,0
36931,2.2398
103242,0
105237,0
53915,0
63808,0
6048,6.0062
61760,0
2424,4.6055
59608,0
102869,6.2941
88482,0
67419,0
34399,0
79097,4.9674
43774,2.4673
22490,0
10553,0
9524,11.719
60840,0
40659,0
67277,0
88371,0
53859,4.3867
25906,15.8278
63127,0
48374,6.072
47006,0
53007,0
82455,0
41389,0
41434,0
73975,12.9382
86750,0
80408,0
67008,3.6803
77522,0
41978,7.6724
91820,13.3131
74944,8.8665
51459,4.8043
33061,0
45905,0
104271,0
6520,12.7866
12193,8.1495
93387,0
86362,0
85151,2.768
83993,0
41465,9.9711
61991,8.8879
102806,5.5846
78632,0
20659,0
230,3.2457
21865,0
76078,0
8781,15.1845
92844,0
82053,18.1272
102391,5.2855
5567,6.1523
80885,0
1098,0
137,7.5816
25511,0
47160,0
46201,13.576
49371,0
41008,15.2544
103621,6.5869
44775,0
18453,0
94562,0
67075,6.8048
10985,0
65706,3.7191
18394,0
82943,0
21185,6.5294
56927,0
72816,3.7744
34817,6.564
85795,0
8676,16.2219
84893,0
95914,0
104531,7.7557
6978,7.6764
102896,0
54501,0
16811,0
42160,0
99765,3.7684
20593,0
59598,12.8014
70463,0
5812,9.466
54369,0
74513,0
89611,22.5094
104520,0
34938,0
55657,0
98666,3.5084
33474,0
48536,0
43308,0
13799,7.3679
33065,9.0263
87976,11.6557
38521,7.0848
63200,5.7019
98960,11.7243
11891,6.6888
48567,0
2468,0
93212,5.4392
72270,7.5175
43667,0
81550,1.3117
87299,0
12409,0
49273,5.8308
51544,11.9649
61729,6.3454
81893,0
62346,16.328
20767,0
71479,8.3835
45693,6.2502
34963,0
49116,4.1101
70936,2.9602
79035,8.5852
35838,0
85026,0
3115,0
57122,0
51102,0
105028,0
80557,0
98551,0
44111,0
63843,0
67788,5.013
55806,0
8239,0
53640,2.1274
28453,0
3432,5.2469
92973,0
89840,4.4909
46904,9.325
47617,0
30319,0
35346,0
92428,12.3212
98825,10.37
39548,0
95897,0
26049,0
59643,0
17849,0
39546,17.3746
60916,0
22011,0
30871,0
81946,20.3354
40907,0
78117,16.2018
98461,0
45333,0
21781,4.3926
66965,0
42466,0
78876,4.6155
92752,0
91381,0
77072,3.78
22333,14.7722
89717,0
12674,0
80548,0
65077,0
1728,0
12973,5.8005
55552,12.4937
43365,9.5105
12856,0
72422,7.3388
59537,3.3955
26741,12.1156
86478,4.1197
42257,0
46260,3.1706
26029,0
86670,0
93682,0
73431,4.9279
96201,4.6265
78269,6.7379
28943,42.1058
92372,13.6481
77590,0
54762,0
70849,0
2512,6.4504
40936,14.0743
69296,6.9498
43231,0
6365,8.962
87445,0
87960,0
88309,2.924
58846,0
65293,18.0464
33834,0
32087,10.8635
105274,17.1849
45320,0
55914,0
34445,9.0088
86481,0
35897,0
38263,0
59015,7.376
5461,0
45645,7.0965
20150,7.5442
97769,0
34548,8.4599
537,19.982
77519,0
61984,0
98871,0
43514,0
29037,7.892
70092,0
46527,4.1607
31685,0
38869,8.4488
51336,9.2022
99968,3.7988
90157,0
59894,0
23641,36.5375
38926,0
88429,0
21488,0
57030,0
57708,2.9311
31771,0
34908,0
105347,0
31795,0
13653,11.422
25590,0
8856,0
76209,8.9992
29390,14.0607
30289,4.6606
99648,0
95031,0
77881,10.7217
10452,16.8333
14392,0
68236,0
52233,6.6664
82922,7.0679
81852,0
70560,13.5634
76131,0
25382,0
86315,0
51255,0
22235,0
82797,4.0498
23026,7.0973
56770,0
78916,0
57958,8.8875
78569,14.2733
16654,7.7432
9394,0
42549,8.1133
33568,0
22440,6.9966
68675,0
31234,0
63641,0
77564,0
59528,0
54316,0
35892,0
86358,2.9159
67176,0
36649,0
88191,0
1769,0
29451,0
101288,0
27689,0
50115,0
88569,0
44493,0
48257,6.033
11270,0
24794,7.2662
89141,0
35394,0
65095,0
26490,16.6238
105390,3.6298
100141,0
57638,5.1675
97058,7.5041
88672,7.0306
33979,17.2121
33768,0
83074,0
63852,0
4446,0
96883,5.8779
23486,0
101702,0
66126,0
65437,5.7317
86625,0
36308,11.2084
82990,9.6093
18870,0
8562,0
29841,5.4556
46913,6.5919
1284,0
101170,0
73971,7.8031
86732,0
29950,12.7102
79997,0
10950,0
61585,0
8859,9.9345
15349,0
15092,0
61470,10.4054
92324,0
57434,0
17416,2.5438
61773,0
83546,3.725
67022,0
2502,2.2794
58127,8.2905
29961,0
43126,0
17942,0
103799,0
97777,0
19273,17.9233
30547,0
45220,0
84520,0
45225,0
98731,4.0626
56109,0
91693,0
87688,0
96812,0
48522,0
18934,0
2705,0
59438,0
87290,0
19686,2.3689
1861,0
74844,0
92797,3.7983
62065,0
32266,10.9642
44068,9.0216
66951,7.6708
22286,7.9298
14053,6.304
71927,0
74424,0
95060,0
2057,2.3864
100142,9.3988
28664,4.57
35242,6.4831
192,8.9956
49174,4.2493
45521,5.3017
7948,34.8945
102208,0
18258,16.9668
19182,0
28676,0
42070,0
101635,0
18240,0.9128
59828,0
72845,0
90384,1.5329
35220,7.4612
37812,17.9699
46508,0
32074,0
36862,0
78132,0
88932,6.2009
38932,5.292
10571,12.0418
41283,8.3052
59325,0
87696,17.2906
53156,2.4022
6165,0
82259,3.6007
24429,0
73847,0
35423,0
64342,0
32389,0
101726,4.8265
30802,0
89765,12.5145
64687,12.977
86076,17.9087
98538,5.4158
53371,18.7032
84900,0
95830,3.9106
99833,0
2415,0
95831,1.4788
95148,8.0036
68444,3.7057
84957,4.0036
38789,2.786
84292,6.6963
47718,15.0367
84979,0
74751,18.2932
80954,9.2379
64872,0
54231,0
41150,6.1688
34571,7.1478
47241,5.4548
45397,0
24471,5.7587
808,7.762
12549,8.3997
28544,0
100250,6.4321
67829,0
28744,6.5627
30690,0
60734,0
39468,0
102368,6.2559
86016,16.0625
55462,0
85159,3.8394
95918,0
94398,10.3165
87789,3.7795
36637,7.8731
51690,0
90741,9.3558
57648,0
103681,0
76190,0
37838,3.0032
12164,14.7382
53453,5.3558
17651,3.042
72692,5.9637
43905,13.9228
80451,14.5212
47914,0
33835,7.0107
28549,8.5096
26388,0
73718,0
69342,0
33609,1.8152
1208,10.3466
72316,6.3004
51122,8.4435
79962,0
49641,37.6036
5007,6.547
93691,5.4574
70942,4.3777
89105,4.8504
20510,6.2826
83909,5.2625
29265,8.4463
67215,0
100952,0
49022,5.3111
96015,3.743
57289,2.8424
71177,0
39277,8.3943
48549,0
93489,5.2814
2883,4.2149
71159,0
24016,5.7835
72359,0
551,0
62921,4.7863
104991,0
73406,7.3933
10463,10.1076
20466,6.5981
66612,0
98563,23.5252
29688,0
20422,4.8337
22889,5.156
77595,11.412
3264,0
37710,0
24780,11.6709
36342,0
3437,0
95810,0
96171,5.0701
23567,0
93488,7.5451
30114,0
82665,12.3126
85080,0
47738,4.8192
95483,4.2813
13725,4.7756
50239,0
38030,0
22347,6.2143
77942,0
93777,10.3691
27192,5.9224
73355,17.6845
22571,4.6138
50535,6.123
69715,7.7517
58216,9.8415
75511,0
52671,4.6358
65607,0
22666,2.5432
67481,15.2605
75905,0
86799,0
90520,0
94561,5.8011
55390,6.7824
4789,0
91993,9.7415
65859,0
77791,10.1382
5369,4.1678
32833,3.2554
5566,0
19913,2.8937
6099,0
60861,5.8863
90286,0
39910,15.9827
49434,0
22872,0
47245,6.3509
19340,8.6682
105055,4.6195
55722,0
103478,6.4168
30678,2.1723
95205,7.2579
33146,0
8014,0
6816,8.4577
44774,14.4765
59326,3.4939
39236,4.9361
34171,0
61326,4.2884
62428,7.2031
78210,5.8187
35176,14.4083
18024,0
28640,0
54024,7.0128
103374,0
95956,6.8098
61885,0
52776,6.5936
57270,0
80206,0
71542,2.3868
34499,5.5196
28976,0
88654,6.0897
26141,14.2456
71183,6.482
15805,0
51161,15.8503
74551,9.0543
77299,5.883
72902,2.466
48028,0
7344,12.6581
10009,0
49618,0
55814,0.8881
23383,0
18580,1.7013
103644,11.455
63328,8.9973
77662,0
32903,4.1658
5408,0
55572,9.8794
52962,0
39632,23.5159
69231,0
27348,0
11874,7.4699
71614,9.2805
66345,0
2023,0
59691,0
52614,0
10780,9.4414
55225,0
71037,4.5186
26251,10.4256
42504,11.3179
54573,15.0818
98541,3.922
25293,0
90471,2.4349
7313,0
5165,7.7153
70116,0
20149,0
6180,10.7263
63644,0
61678,0
56592,0
59943,0
83545,10.2096
11459,0
51911,0
74640,0
12824,0
57005,0
69976,16.9658
91602,0
6243,0
72047,0
9514,0
37163,0
46185,0
100138,0
5036,0
18077,8.3081
93216,5.7809
86598,4.2037
8410,0
39179,0
621,5.4514
9074,12.6228
16783,0
78868,1.8774
58931,8.9419
11093,0
81204,0
13645,0
100003,0
9837,9.0959
62417,14.0801
85474,0
103816,4.3963
65107,0
72143,0
99730,15.8069
33555,27.9032
71179,9.069
67675,0
36221,14.2758
76261,0
88075,0
1467,0
62573,8.1858
22974,7.1319
12940,0
72721,0
105295,6.3647
7354,9.5628
47298,0
39335,5.6075
84648,7.1128
32696,6.893
90825,0
3547,13.0932
96106,18.7604
15519,0
40660,0
73950,0
26972,3.8734
76878,0
98377,0
100014,3.3256
73679,0
36908,0
74531,0
101867,0
98287,0
11812,3.8708
16415,2.2501
55985,0
82036,0
15354,14.4342
60324,0
98037,11.6495
18253,21.5955
50759,0
99418,3.9074
57189,5.7908
1239,0
9437,0
85141,0
44156,1.6733
86886,0
36404,0
66687,5.7079
14656,0
40232,2.0019
48881,6.1857
75127,0
28109,22.6882
26026,19.3305
74939,0
33471,9.2819
16234,30.4387
46200,0
38203,0
27640,2.8552
21558,0
68671,0
3533,7.3462
43249,0
35440,11.8414
63613,0
88140,2.2177
67091,6.4525
16002,0
60645,7.9519
102374,1.9309
72258,0
2197,5.7533
89147,0
78489,0
87864,8.9409
88035,0
40577,4.5203
60503,2.8135
68753,0
57695,0
94783,10.3596
15670,0
72452,0
68752,0
23875,7.3681
20702,15.3809
84329,3.349
66288,0
28568,0
59874,0
68401,8.7713
369,0
94635,0
9320,0
64981,0
32869,7.5699
100239,0
5258,0
84195,5.444
38332,7.6041
77311,5.4811
62468,0
7442,0
78180,0
65959,23.7335
71340,18.1977
49055,0
44056,0
20358,7.611
34466,0
71209,0
102743,2.3849
54007,2.2711
9901,0
57099,0
25535,0
19175,0
101875,4.264
24419,3.1768
63003,0
81529,4.4104
101187,14.9316
50141,4.4211
69265,0
18463,0
85472,0
41886,0
35733,0
85200,0
105453,0
20258,6.303
81850,5.6205
97329,0
60784,4.0858
36430,0
51810,0
43750,0
25696,4.1861
812,5.3103
16990,0
32535,0
83898,0
14370,0
29508,0
37211,0
40682,10.8549
102919,7.5547
91654,14.0085
62501,0
33851,9.8908
103732,0
102471,10.2689
8976,0
68320,5.1178
97047,11.411
69118,0
99694,0
11299,0
30439,0
102586,5.7412
16364,0
40191,0
96795,5.5118
12249,5.074
9243,0
21351,0
36151,13.7289
4720,0
69476,0
55838,0
82830,7.693
26595,3.5515
59201,0
97433,25.759
82774,4.3679
78443,8.9261
26280,0
11214,0
41461,0
46390,3.7145
91549,4.8078
24280,0
82626,0
78444,0
36319,21.2282
83534,0
97178,13.3753
76529,0
44816,5.1367
39099,14.3911
29860,8.9676
88533,16.3646
13500,0
75998,0
9306,0
99381,0
32891,12.0435
94419,4.6849
103733,0
18840,0
1074,0
65678,0
6011,0
72507,12.5482
78432,0
28462,13.4794
40513,0
101604,0
605,7.8817
64693,0
31466,7.3323
85062,0
43835,0
73023,0
25305,0
21290,0
31423,2.8472
62173,0
21591,6.3747
51608,18.7975
44518,3.9266
65143,0
33223,8.7896
95920,4.8293
80354,0
70706,0
11750,0
61190,0
63791,0
32810,0
48897,0
73674,0
2651,0
46620,8.8839
50914,4.981
79691,0
22957,0
82374,4.869
8765,0
72803,14.8349
100065,5.3903
82883,0
102012,5.6027
55437,4.2385
28720,0
12282,13.044
8173,0
95865,0
104885,11.7852
14192,7.9327
89099,0
17793,7.0665
11393,0
48482,7.783
91148,8.1953
9084,0
86996,14.2526
48660,10.4671
11907,9.2906
67882,0
77910,0
98604,0
29123,10.9373
28266,8.1955
38425,0
89158,9.1058
21987,7.8276
83907,6.2394
73862,0
99988,0
42404,8.1936
91229,5.9322
94498,12.209
12895,0
50240,10.8836
44876,0
85963,13.0292
22454,0
105264,0
6611,0
30604,9.9427
31814,3.3544
9321,0
56367,0
95166,11.1649
70254,0
67565,0
38296,11.787
58715,0
14365,0
56421,5.4204
1725,10.3103
45304,3.1857
77874,0
97421,0
24450,0
56735,6.1625
50524,0
97670,0.7253
24535,0
63947,0
24861,5.8824
2781,0
63392,7.3186
87971,0
17945,0
50774,0
76576,0
96097,0
54805,8.7504
39405,0
10554,4.3475
12109,0
102583,0
52971,4.282
50888,0
15962,5.1464
36739,0
104972,0
104641,0
84763,2.6178
19037,4.7369
71015,9.1034
2583,5.8834
63229,0
6466,0
98253,0
76742,11.1862
83430,0
40671,3.6469
80913,0
100143,0
79245,0
101003,7.6644
66254,6.0499
29522,13.9273
18382,0
27161,13.6007
92232,1.6836
74803,0
98244,0
97088,13.6307
104578,0
95767,0
101224,1.7599
78713,6.4331
34587,9.124
520,0
81665,0
9872,0
55782,2.707
59291,0
57907,6.3014
31664,3.6965
98406,8.3459
50695,8.7621
101941,0
85347,0
40340,0
7501,0
99285,5.2292
32590,0
64267,0
53443,3.185
97217,0
68223,6.8199
55432,0
37869,14.6387
14436,4.1282
15341,0
67114,3.9703
66655,0
51112,0
6497,0
28049,0
21117,6.0451
78431,7.321
17402,4.4037
53125,6.5425
73905,0
104224,5.0582
27071,0
58144,0
14720,0
12087,0
45982,0
82199,0
102562,5.1115
19741,9.2835
17297,14.7466
66306,0
12807,0
14081,0
55847,11.0464
92715,0
340,0
68149,0
104841,0
104336,0
3813,0
54527,0
80871,0
44910,3.104
22206,0
82557,0
79129,9.9787
32574,8.4014
77630,0
66381,0
439,7.1853
90360,5.1119
92544,7.9932
42284,0
49335,6.648
48778,0
53880,4.5863
87380,4.6488
64787,0
40247,0
74828,0
103220,4.5351
99466,0
23364,0
40614,14.3634
96103,11.2238
19230,11.2912
18055,10.98
102334,2.3107
92749,5.3739
48160,0
23281,0
85244,0
90911,9.5951
32971,0
8013,0
45551,0
83599,12.3372
85408,0
55820,0
55711,0
71768,4.6933
9492,4.0055
85939,0
46377,0
84752,0
61639,0
764,11.1817
56156,1.6374
23913,0
104822,0
99584,12.2066
24841,17.2882
85006,13.9834
87592,8.199
77158,0
31658,0
82713,0
285,0
30960,0
41059,3.1837
65324,0
24291,0
67708,0
59057,0
31196,0
5362,0
36914,13.6398
76823,0
17690,0
38341,0
95884,5.5094
76413,0
65526,11.4116
72862,8.4644
41423,0
67004,13.3487
29077,0
30056,7.5464
38074,0
8084,7.9607
4599,8.9119
36061,0
10880,0
55961,0
59110,3.1458
58809,6.466
104613,0
68084,8.975
8208,0
20123,0
83477,0
46687,0
35692,11.4247
10918,4.8751
49936,0
12067,0
75715,6.4097
57481,0
19902,1.2033
25851,0
43098,7.8366
66545,0
55793,8.3635
20095,0
82855,0
95348,6.6451
72690,13.8108
82281,0
87043,2.4535
94969,0
8541,0
74606,0
55891,9.7692
30129,0
76580,21.2389
57102,0
56449,1.0377
9697,10.6532
72170,12.4738
80868,0
86519,6.9181
57395,0
90754,7.8807
3531,0
76569,9.8323
78281,0
54443,0
19487,6.5633
67908,0
59172,6.5922
81803,0
94922,11.6305
104416,0
37685,0
50103,0
62067,0
48164,0
7302,0
26757,0
75126,0
82763,0
93171,0
68712,0
8714,0
2327,0
25487,10.0722
37076,0
43937,10.3568
21851,4.7113
40680,8.5801
77955,0
39989,9.3012
77789,5.8181
59997,15.6411
44857,0
30787,0
103052,0
70653,0
81260,0
93609,0
57690,0
18618,7.0642
45791,0
103277,10.9018
44752,0
46880,0
97423,0
33022,0
93079,2.6016
86419,9.2501
48447,0
10693,0
2708,3.9586
78888,0
90203,0
21662,0
50315,0
72296,0
13225,0
44537,0
99831,6.2308
42337,0
100149,11.303
87537,0
54542,9.513
39398,0
61503,0
1175,0
48431,10.8087
16958,0
65294,0
90015,4.85
20543,14.0237
96614,0
27650,0
57649,8.7455
58305,4.8787
30133,0
26960,2.7289
1589,0
55156,8.6268
15592,12.3983
45049,0
42481,7.6748
15646,18.4778
86005,0
55512,9.0191
66559,0
41514,7.4975
52074,0
64220,0
105216,0
3380,0
34428,0
63739,0
80067,0
12259,0
101791,12.836
34144,0
40464,4.7584
67665,7.9625
2533,0
82017,0
11385,0
19672,0
40839,0
36796,2.9584
52397,0
75788,11.3926
85694,4.622
18725,0
79877,0
66099,0
85604,8.1535
24701,0
29188,16.3968
9682,4.8383
27596,7.8786
73163,6.596
90518,0
71373,5.2449
77011,8.5538
76792,0
66694,0
14034,2.2816
73185,0
4575,0
52930,0
46699,0
51149,0
61647,0
9309,0
52527,12.1448
28842,0
85715,0
32735,9.0932
96052,0
35861,4.3437
18783,1.5343
43401,45.0577
403,0
19579,14.1989
81370,0
76267,0
1501,5.2906
6547,0
43035,0
25930,0
66105,10.2314
38398,0
48645,0
95771,0
77436,0
58219,6.6773
84301,6.3027
72106,0
4259,0
99644,0
50481,24.0076
28192,6.8208
22829,0
59614,0
69228,0
28855,0
31774,0
82411,0
58215,0
85934,9.9099
37501,0
29342,0
3551,0
66303,3.3997
72703,6.7468
22633,3.2767
97407,1.9268
104685,2.8819
62072,0
79029,0
18593,1.6632
66956,10.5882
60752,0
29549,4.7871
101609,3.7789
58615,0
5939,0
22615,0
76994,9.9059
5294,0
37537,0
64231,0
62391,9.3936
43986,3.6239
40912,6.7458
373,9.1463
57777,12.8076
77112,0
85506,2.5108
89917,5.3158
62130,0
9385,0
159,14.6976
59485,0
71723,4.4817
96926,0
51420,48.958
20809,0
89904,6.1428
60694,10.4451
104933,8.5793
82561,0
46629,0
77381,4.4968
7434,0
27300,0
20580,4.4019
33726,0
83350,0
27589,6.5941
62823,5.0693
68759,0
104147,9.349
104909,0
75947,0
98711,6.1651
18313,0
32417,9.2964
849,0
95777,0
101636,0
8205,0
81569,0
91872,0
15258,0
9744,23.5087
55461,0
53037,5.1791
15400,0
74449,7.7049
20329,0
79273,0
91231,4.4324
12138,8.0842
86791,0
61255,0
66644,0
8996,0
11450,14.7908
56998,0
35285,7.213
1617,7.3739
10296,0
56435,0
16404,0
96147,0
80839,0
103528,5.2059
2748,3.0146
70589,0
2056,0
86089,15.1814
41312,0
41619,0
101401,0
1820,0
5092,7.431
89272,0
9451,0
54534,8.7664
74022,3.5859
51321,4.1745
21941,4.6795
40296,11.8159
67787,0
32466,0
101923,10.9982
30884,2.6261
44702,0
93048,0
67646,27.3588
24895,9.7308
26673,9.1237
88591,14.6865
39234,3.711
34162,0
15771,0
50036,0
71281,0
77722,0
59675,7.2544
58080,0
57412,3.3415
91266,8.4992
2620,0
83108,0
39201,8.8549
1774,0
26223,4.8461
20791,0
46461,0
95181,3.927
79417,0
94005,0
87790,2.8637
10325,14.7465
47985,7.9721
28349,10.5654
93300,9.0882
36058,6.9505
65681,0
27634,11.1242
54635,10.2664
17694,8.9975
86139,0
92410,0
94828,4.2743
26996,0
51687,9.8255
29096,4.2159
37578,4.488
95264,0
98203,6.3678
98964,0
84675,7.6832
85124,8.4053
41792,6.4752
62679,6.7477
84410,0
4521,3.6418
20398,0
87490,3.6965
60687,0
51860,0
48585,7.973
55637,0
81108,9.4379
9564,19.2516
70428,8.3769
54966,13.6135
14973,9.8771
5426,0
75489,8.7421
55163,0
54780,7.7302
43940,10.04
3613,0
70832,10.8436
4528,0
4214,0
72697,9.703
11055,0
64388,0
91622,8.0044
79078,4.6419
73334,0
51363,0
14545,0
31688,8.3147
26588,14.1084
83443,9.2033
34614,13.1679
34320,5.1804
50505,6.9874
79197,4.6537
79944,3.9179
85685,0
96870,0
80601,0
89579,2.8528
76059,0
39930,0
20982,8.1656
94157,0
105330,0
3934,0
22053,0
102502,4.0927
80607,10.0696
104562,0
102631,0
15085,13.0918
81452,11.6988
89586,4.8737
83921,4.7995
17619,0
69544,9.3133
23537,4.3055
15325,1.8407
14321,0
93152,5.0087
20386,0
37675,3.9811
3071,0
41933,0
86824,0
65908,0
22211,4.2005
51333,0
70248,5.3334
63015,3.5166
13002,0
73587,0
94984,0
33454,0
3937,6.9109
27046,0
49365,0
89622,9.2498
32549,4.1775
8083,8.0199
8785,5.5269
37008,0
62094,8.1312
6361,10.2123
104846,0
102699,4.2978
25122,0
105318,0
67567,0
30638,3.2224
100306,0
1826,0
24693,0
87405,0
49462,8.8228
45280,0
101617,3.5157
69290,0
8338,0
70952,0
63313,0
1998,0
8031,0
99250,10.477
96969,16.7978
12902,0
97549,0
68409,8.8728
1845,0
65515,35.6675
75183,10.0626
51975,2.697
1830,0
82290,0
83118,0
39490,0
101543,16.6772
66752,9.491
65301,7.2191
103234,5.4512
19957,11.1374
31932,9.0748
69164,5.0183
85149,7.7991
6657,3.4195
30358,0
76238,0
55482,0
22327,0
90320,0
86910,0
88724,0
94203,0
79182,3.3743
3169,8.7649
66664,0
46145,19.8674
30379,10.6388
46563,0
89648,4.79
66603,0
80091,7.8387
36729,5.6355
41124,7.9109
11525,7.7313
58001,8.5446
69380,0
75188,12.7945
27771,0
61946,0
93905,0
22616,9.3534
74208,17.1796
39507,3.8114
21942,0
53951,0
99612,6.2814
569,0
102865,0
505,19.1303
10732,14.7036
98361,0
25243,0
25958,5.082
4003,0
14659,0
85985,0
89941,6.5755
69705,0
85138,7.6351
40104,12.6119
21339,0
70188,0
3008,3.5806
43122,0
87066,2.2589
32798,0
27345,0
74916,3.8195
51304,0
83025,0
52169,0
97515,0
36474,0
77246,0
6391,0
11095,0
28344,0
72716,0
41146,4.2733
55937,0
86498,5.3681
83139,0
42855,2.9359
81579,11.1358
32232,18.0696
34932,0
61416,0
13581,0
88040,0
82780,21.3491
70890,0
53291,0
100431,10.4676
59834,4.8957
26546,4.8351
9141,12.9019
71417,0
73276,0
16847,0
100322,0
7685,0
81017,0
87200,6.3823
28318,3.7806
64141,0
21588,0
94557,6.0389
31618,5.5776
88478,16.1962
75287,0
46444,0
2123,0
56803,0
97204,24.3126
88624,0
52273,4.9819
1691,12.1643
57224,0
57888,0
91232,0
48454,0
62255,0
32601,4.171
60983,0
3489,11.9686
92175,7.7763
1026,0
85386,0
73465,20.5465
20275,7.0731
80594,0
99225,0
62227,0
53754,2.5203
78980,0
15329,5.0868
29808,0
74625,0
84200,4.5366
32017,0
88581,7.3427
104764,6.2968
37489,0
10105,0
25581,0
1539,0
863,6.7063
100428,11.5974
40807,7.7839
50456,6.2525
40257,0
29212,5.5596
36414,0
13511,0
63484,0
104915,0
3301,0
83762,9.6908
7633,0
21178,7.3701
49514,0
88029,0
3422,0
5662,0.2381
5553,10.0024
47139,7.6695
32326,5.3539
6445,7.5269
29141,11.2867
100104,0
92527,0
24573,4.2967
36511,4.546
63458,7.4143
98265,16.9123
23293,0
34573,9.2723
91642,0
62744,0
67680,0
29544,0
102652,0
22149,8.4004
14856,3.977
7844,0
53581,3.5105
31937,0
41615,0
29435,0
83796,0
53502,7.5694
99862,0
39866,16.3149
26505,0
94601,9.3973
77883,7.4469
78125,2.178
35087,4.9682
46441,4.1536
10314,0
91202,0
25618,0
61980,0
38103,0
63953,0
35554,0
105360,0.4722
552,0
15452,0
16859,0
23935,6.1977
100011,3.403
923,0
85527,0
74611,0
58630,0
47813,4.6579
104577,2.623
52946,0
7787,0
23174,6.8644
55740,0
25068,0
11899,0
25223,0
48353,2.6507
96548,3.9422
91807,0
51048,0
62087,0
87454,0
67832,0
32826,0
59782,5.1987
2252,0
1622,0
89878,0
57151,0
62267,0
1656,11.0873
94352,0
3231,0
45134,9.5362
99602,0
24007,0
65599,0
95637,9.2531
2302,0
70171,0
50847,6.6363
95299,7.3237
71959,8.1891
14116,5.3193
46714,0
19168,0
33304,0
93180,12.596
4504,0
64444,0
83239,0
50683,0
25592,0
9201,7.2841
24279,0
75689,8.142
7901,5.6938
104640,0
75339,0
42604,0
24650,5.1699
68795,0
44941,2.1627
104727,0
43151,0
59987,0
66295,0
72652,0
97221,10.7438
53795,8.5934
67911,10.1894
54440,6.0341
32945,0
61717,0
76174,0
87237,0
16478,0
21425,0
9898,7.1817
63400,0
55284,0
12991,5.6624
88214,8.643
1990,0
11752,0
104257,3.8301
24194,0
2198,0
103363,12.6404
42972,10.5488
58634,21.973
67192,0
12097,4.2229
13108,6.8309
29120,0
35217,0
16004,8.2125
41080,0
80521,0
31595,0
104403,6.7877
22086,0.8559
37144,0
103969,0
5693,0
9674,0
42338,0
79477,0
1508,0
20313,10.6252
73668,0
43114,0
95889,0
22670,10.878
17180,15.0668
30979,26.763
57408,0
48595,2.5747
45665,0
56800,0
21682,0
76049,0
63198,4.4785
47010,12.8723
36639,0
81317,0
27830,0
29741,0
75123,3.4188
13466,0
95739,0
47410,13.6072
84327,11.3687
21189,11.2295
10561,0
59713,0
37574,8.8641
26710,0
85176,0
4038,0
8397,0
37418,0
32754,5.7312
45881,0
12122,0
44826,9.7828
1680,6.6977
41734,0
18742,0
37234,8.5486
67660,7.8162
100765,0
36296,0
34438,0
43589,0
3994,0
94462,0
4440,0
79713,0
56677,7.5194
75147,4.0086
22912,10.7898
57804,0
66964,5.5589
26448,0
60919,2.6615
96918,0
102205,0
70132,5.1545
41378,0
794,3.2204
86482,20.1628
32374,0
100902,0
92738,0
73027,2.149
4019,7.4685
90059,9.9309
49077,0
49556,0
81543,0
6044,0
96479,0
40541,3.5722
65118,12.1491
35454,16.3272
16744,0
33041,0
64318,0
57897,4.2129
28856,5.8307
6219,0
47277,6.9755
22285,6.7221
16541,10.0168
29292,12.1695
46843,8.2873
103981,0
87386,0
89533,0
29830,17.0216
62106,7.2271
70672,0
29242,9.8089
82090,5.5903
27391,3.6347
56384,0
70739,0
98481,7.7836
34069,4.4176
82235,7.1514
11527,0
75845,7.3492
102876,7.5389
41466,5.3887
87794,0
27105,0
31506,0
63761,3.166
32581,0
20871,0
85266,0
46055,0
5976,5.4413
83596,17.7322
99154,0
30427,8.2897
101528,3.3967
10095,10.3099
74202,12.262
58838,3.7484
40355,0
38644,7.674
3249,0
79794,6.1047
93238,7.5803
62244,0
26682,8.1057
51666,6.8338
74807,0
40072,4.5762
53928,0
102321,8.741
81448,0
24880,10.355
87172,0
78521,0
12676,0
94664,0
69662,6.2887
48134,0
6656,3.7401
85886,0
27567,0
52094,0
104931,0
96720,11.004
12673,0
99611,2.8793
76291,2.7659
54354,0
34737,0
18564,14.0059
58676,0
60171,0
14293,8.6408
7672,8.8459
38964,4.9638
56936,0
11523,0
63785,0
51717,0
51514,0
91981,2.5359
3987,0
27221,0
53187,7.4572
28090,12.5108
66634,0
52843,7.6087
51291,0
76620,5.4545
22394,14.4477
93581,0
68126,3.4781
43014,0
76719,12.9637
28511,12.901
29916,9.4464
51467,0
66367,0
85092,0
26405,4.7251
1142,0
13568,0
76242,5.8118
52239,0
7792,7.8568
65244,0
83398,0
8195,12.788
80039,0
67242,0
89081,8.9801
209,0
43469,0
3076,9.6872
44971,0
96034,0
48863,4.5864
68500,0
40565,0
60522,2.9643
67777,0
69115,12.8906
7939,8.6965
27093,11.8964
30824,0
15045,4.1973
59923,7.6895
68903,1.2997
101724,7.4815
42921,0
25236,0
43852,6.1109
87608,4.3543
43270,0
31011,0
77075,0
72513,21.9062
12437,4.2972
47687,0
18632,6.3265
12072,0
92576,6.3097
84060,3.6384
90856,5.798
17850,0
10162,0
95096,17.7115
13406,0
101425,5.1006
50419,0
88586,0
23239,10.97
43850,0
935,0
31580,0
2478,23.5335
58983,2.982
5469,6.9117
132,0
1773,0
4822,0
19625,0
79895,21.9343
24284,0
95363,0
5595,6.9362
67411,3.0465
81229,6.8006
64074,5.9735
100017,3.2497
60757,0
29805,0
70609,14.6379
90799,3.8215
45601,0
23463,0
76165,0
30764,6.1307
79237,1.4106
28319,0
82929,5.546
76898,8.8299
70841,7.1304
87281,0
17747,10.7769
11123,0
104312,0
48974,0
66698,0
91198,0
74148,0
31926,0
75814,0
45694,0
53655,0
19169,0
61408,0
62017,0
69223,10.7207
2604,0
12344,0
16968,0
81914,10.2246
14375,0
39237,0
12212,0
38113,0
37166,11.6714
24524,15.1049
22962,28.1714
80741,0
50955,0
98213,3.0907
44656,12.3872
66220,0
43601,3.1413
57871,0
98380,5.1427
29024,0
69343,0
51660,0
63667,0
74212,0
70330,0
12180,3.9092
80864,0
43378,5.6006
89098,0
7897,0
17429,5.7412
50892,0
76830,0
72958,15.2538
60505,2.2198
33647,8.1125
57993,4.8951
57078,0
45610,0
11695,0
69580,0
28406,3.833
15616,0
5277,0
85245,0
33381,0
60188,0
94399,12.5734
78309,13.449
56584,6.7181
94864,0
42043,12.2312
84286,0
50658,7.1124
70336,10.4045
12174,5.6405
52356,0
63489,1.716
80037,10.9966
38331,0
23246,8.4896
41824,0
50203,2.9198
56283,3.0509
42505,0
66571,7.1278
76266,0
36156,0
9164,0
57502,8.6049
13978,0
68019,0
25980,2.1229
51409,20.3532
44618,4.8918
32941,0
84504,0
11584,9.4907
100276,0
34739,12.0163
53298,0
37991,0
32563,2.3097
46497,1.7272
33890,1.0652
94771,0
30843,14.0415
68717,6.0967
76287,3.9603
59527,0
36033,17.6026
62780,6.4051
48985,0
85222,0
37579,11.0169
36936,12.3782
52637,7.8374
70906,8.0069
14066,0
104155,0
85786,0
39741,4.341
20502,2.8081
58119,0
13086,11.8572
89323,0
17280,0
18315,0
6461,0
81760,2.5594
57594,0
57287,0
51328,0
47539,0
37012,8.1158
42962,0
99594,5.0974
95967,0
25981,2.5761
49480,5.4854
92065,2.1088
14700,14.4074
95844,10.7691
93724,4.2934
78792,0
101111,18.7342
15595,10.6433
85480,4.0989
68858,5.9027
33828,6.3265
38359,0
96024,7.1254
25030,0
105213,8.9555
60532,8.8556
8301,0
104760,16.4179
33443,12.7799
94932,0
27765,17.4637
28791,6.8043
81824,3.2799
7377,3.6566
83276,0
74646,5.3198
40662,0
92720,0
87422,0
83938,0
13654,7.0804
17321,0
7582,0
4033,6.7532
93962,0
39579,2.8035
90900,12.5173
103714,6.4873
7687,0
100221,3.566
7475,0
89544,21.48
87822,14.2883
75087,0
38399,0
34123,2.0519
85947,0
463,0
33438,18.4924
34476,9.1435
82899,11.0329
81898,0
11376,21.1576
40655,0
39697,0
21525,0
100504,3.1107
92488,12.0122
44534,0
74398,0
70903,13.0107
41574,0
855,0
4866,3.3395
34267,0
44942,0
10559,0
54297,8.6123
72655,0
87646,6.369
30165,7.5803
100317,0
104068,0
43437,0
36292,0
28119,0
18640,0
98970,0
7400,0
47149,9.3054
78580,0
52997,6.2256
98455,7.774
38266,10.9013
98139,0
80328,0
37730,0
24566,0
27299,4.1134
27502,7.6646
94597,0
35765,27.2163
49325,4.1251
72448,0
49501,7.3036
25440,0
103405,7.2674
45184,0
99997,0
85368,3.2045
27943,0
797,0
27017,15.0734
43065,6.1242
83028,0
32695,9.5038
61542,3.0756
92186,9.2939
44432,0
6228,0
54310,8.4502
33231,0
27780,0
12199,8.3563
36720,6.2379
94309,0
83743,0
83763,4.546
20685,12.4803
30987,8.9337
69033,0
12458,0
97002,6.8999
13730,0
95828,0
80544,0
7110,3.4194
75491,4.4099
88626,8.2403
67092,7.1893
49775,3.896
43522,12.3468
69676,8.0356
77984,13.5632
35916,6.5783
77448,0
13085,0
11190,16.3176
33198,0
1905,0
52773,6.0188
5782,0
74467,0
22107,0
81817,4.9731
51923,2.6514
18377,0
72644,0
57988,5.1858
69065,8.3557
65327,15.0724
31473,4.6204
92947,0
42591,0
20166,5.7853
29673,0
1455,5.1739
40169,0
41166,3.3395
1009,0
10983,0
88467,0
66127,5.9664
2426,0
18965,0
80282,0
69110,6.23
58575,0
17602,0
44944,0
14467,0
37487,0
86905,0
64365,5.7819
50829,0
66372,0
83598,0
6728,0
64185,11.3998
87320,3.2803
83256,0
30761,0
92678,0
63689,0
74235,0
83756,2.8151
46968,7.8392
74066,0
1116,5.4221
46869,0
83622,10.8233
62183,0
24305,0
42655,13.5386
75692,0
99087,8.3058
56872,5.1246
47988,5.5334
53731,0
82227,3.6457
97595,0
8047,0
9596,4.9339
15062,0
49416,16.3241
40359,0
60021,0
4471,0
94569,3.391
89279,6.9572
37882,4.4307
13045,6.5869
49124,0
83199,6.8057
67756,11.8126
92379,5.1921
94478,0
51032,0
17458,0
52313,4.6468
74185,16.7396
94383,7.2758
46149,6.1752
87436,0
48887,0
44274,0
95878,0
63183,16.2091
56739,3.3254
76462,12.7279
5456,0
98080,0
29213,0
92171,0
2927,0
2649,0
2370,0
9193,0
23514,4.7127
5425,6.2462
2321,0
32420,4.7421
2962,0
36801,12.3356
96138,4.8334
29336,0
40372,0
84080,0
67270,15.5767
44155,9.6492
12600,0
30176,0
14932,0
77096,3.4443
9765,0
65804,10.3678
33380,0
83250,3.5142
86737,7.5926
77454,3.8778
28007,0
5023,12.6747
7837,0
72539,0
87276,0
85760,4.3183
101600,0
11499,0
8880,5.4025
21716,0
1885,0
64666,3.9669
91094,3.6833
55578,1.4231
22031,0
26327,0
49957,8.2272
76063,0
695,0
65676,0
88854,0
15278,5.0869
53372,3.7732
9688,4.2519
33687,13.3303
18705,0
29838,5.2657
76604,13.7511
34578,37.7685
1412,13.9794
89437,0
67438,0
32192,0
8060,0
75655,0
19681,0
62270,0
79687,0
43953,2.0429
28826,0
17164,0
86601,0
94551,0
27850,0
101229,1.0388
80491,4.7019
77908,0
95577,7.3029
52941,0
99182,1.3088
39318,0
82075,13.0424
48378,4.0839
45504,7.6915
29692,0
74023,2.1961
49063,9.1386
30820,0
33986,0
52959,4.4027
40697,10.3825
97067,0
80565,0
87848,0
57367,0
63293,10.5825
63254,0
1229,4.1692
22393,0
29501,5.0505
61584,0
35364,10.6903
70623,4.5864
80204,5.7164
22650,0
27506,10.8958
84578,0
7654,0
56451,3.8891
25213,4.7661
43196,13.1539
5490,0
17265,0
66604,0
94942,5.5986
7404,0
47825,0
39439,8.3356
23598,2.6209
64632,3.2993
5062,0
75620,6.3337
37400,0
15416,2.743
16076,0
21067,12.1571
32929,0
18099,0
98996,12.8491
96291,10.1884
2684,0.1297
2860,2.9233
51647,7.3397
60703,5.8628
86915,6.5788
98805,7.2472
56160,35.1366
8459,0
83442,7.501
59909,0
68952,0
9119,0
89387,16.7014
24017,0
78829,10.348
54579,0
22457,4.1195
14058,0
3911,6.1306
60539,0
70386,0
27541,0
10453,9.7064
88450,0
99327,0
57562,4.8948
16099,8.068
80756,0
15436,1.7772
37366,0
48364,4.6366
43086,20.1151
71295,13.1315
91359,0
41652,0
44635,2.1526
50165,0
58982,14.055
1218,1.787
17871,0
56138,0
99391,0
47036,0
33784,9.8744
54366,0
72667,0
40525,8.4405
93456,2.6212
64532,0
95924,0
89149,0
56877,7.3473
87967,0
33844,0
39997,14.096
5029,9.3841
96716,0
2296,0
519,0
28284,0
28426,12.7766
75217,1.8023
55580,0
96384,5.5349
13743,7.4333
101372,0
42170,0
94767,0
86698,8.7221
5340,0
34021,15.9232
14822,0
76219,0
56366,0
38409,0
957,0
73326,0
18726,7.4465
38635,3.9245
86392,0
40600,0
6215,5.5301
34810,3.8687
66544,9.6064
101273,14.4441
3766,0
404,5.5037
9949,18.7707
88973,3.4709
35449,10.0267
3989,0
20829,7.4761
80274,0
102838,0
30187,0
13190,0
68431,12.1047
8100,6.2627
67667,0
14830,0
58115,0
70303,0
3147,0
96192,9.1924
87846,10.9764
62164,0
105320,0
60493,2.1051
4797,0
15188,0
66831,0
30676,0
85696,0
103140,0
90224,0
100816,13.3784
45166,7.7238
30703,0
43678,0
44120,4.595
33672,0
89613,0
26554,8.4917
51732,0
52173,4.5081
98434,20.25
81785,0
103026,11.463
11518,0
87819,7.1522
84860,0
13167,17.1361
29620,0
54450,0
45158,8.4537
55441,10.9666
95079,0
11151,0
18405,0
75431,4.8421
42632,0
22189,7.6862
36653,7.1917
28933,3.8589
92860,0
62566,2.8172
93099,0
76415,2.9238
33043,0
12294,0
40701,6.3593
4898,8.5543
69895,0
77125,0
88434,0
34099,0
32752,5.4786
63978,0
42621,0
1012,0
80452,18.4588
17045,11.3324
76254,0
73999,4.6084
93515,6.2724
14904,0
42971,0
93263,5.5883
21325,0
14513,4.2427
5187,0
91815,0
33118,0
11634,14.8019
43575,0
56635,0
64592,0
82127,0
40954,0
91119,0
48975,2.7608
47218,0
73729,9.8062
97235,23.8505
59508,12.9268
67318,2.9662
67727,3.7763
22222,3.1066
11447,0
48149,0
2690,9.2097
88704,0
67703,0
6686,0
67088,0
60822,3.6916
48242,0
24947,0
39381,16.4606
3163,11.1933
17362,0
848,0
93926,4.4649
32094,18.5645
100592,4.4385
65156,0
67171,1.616
868,0
95430,0
50135,0
72876,7.4976
63612,0
2046,0
78387,11.1042
51018,0
97568,0
88936,1.6019
94906,2.7418
95358,0
5866,0
40006,4.6748
75665,0
899,11.5059
72310,4.6219
55205,7.6698
75439,4.6451
36666,13.9709
24525,16.8589
97763,0
57772,0
57942,0
10584,4.2084
62570,2.7809
72402,7.2898
17639,7.4189
38820,0
104893,3.7586
11659,0
67173,1.164
100032,0
30339,15.1339
96427,9.6204
26374,10.7882
21586,5.1934
11920,0
99307,0
40380,0
54674,17.5833
86316,4.3583
33537,0
23813,13.0521
77846,0
66605,0
50560,5.9343
6878,0
86963,0
6619,19.7062
24452,9.3968
103705,0
56002,0
74211,0
38197,4.9526
77183,0
62166,0
77781,12.8045
86119,0
66046,0
5715,4.2554
94865,11.2999
57902,5.4253
43332,3.4085
88352,0
80641,0
62682,0
34770,0
17161,4.6288
54625,0
93837,0
65454,4.2251
95018,0
70949,0
84742,0
44622,0
22069,2.2277
35817,0
1400,0
4529,0
66849,0
62199,0
5002,0
77983,6.6884
23988,0
13046,1.2571
83145,8.4381
4982,0
45168,0
24917,0
80364,0
2326,0
64979,0
17791,0
39430,7.8965
42541,6.2516
9126,3.687
58320,0
46077,0
94351,0
70958,0
2508,6.2985
46325,0
65600,0
66098,0
73028,0
23860,0
55094,4.8529
24838,3.1203
85376,0
40157,7.0556
22371,0
16288,0
98029,6.757
31375,8.4513
41144,0
34943,0
50791,12.0886
35415,0
31439,4.6027
19877,6.3899
71314,10.7117
45096,0
95974,0
65195,21.4989
55072,9.9669
41103,23.2345
88350,4.4673
81450,10.917
97100,0
100285,7.2098
72737,14.8023
21523,0
15605,0
30881,2.1474
91151,10.2304
9028,10.7806
99392,0
92152,2.3381
80673,3.8167
11642,0
92373,0
103710,6.4768
38997,0
56015,2.5976
72257,3.5508
40992,5.2357
64596,3.9546
30592,20.0855
69077,30.4484
35305,7.6975
5398,6.212
35208,20.989
73178,0
81473,7.3244
52933,4.1655
11667,0
54750,0
36048,8.0705
62543,0
16365,11.9637
40811,0
51601,0
58356,6.8148
46434,0
10591,0
78470,0
53590,0.4965
43818,0
99461,0
80342,0
33169,16.0677
59428,7.8755
34771,0
1747,0
76481,2.7027
5892,0
92866,0
35275,0
7277,0
87811,0
45996,0
98985,19.8084
86471,8.8945
104377,8.0915
70646,0
48436,0
92217,0
6981,12.7567
47502,6.4615
5894,0
65025,0
16651,0
4479,0
25946,0
2332,0
61086,0
47173,10.458
94407,5.8404
71801,0
58689,0
44171,0
48369,3.3841
101698,0
11443,0
19458,24.062
78394,0
90097,0
102893,4.1854
97083,13.8563
23098,0
45965,0
31126,13.1531
21068,4.5054
42992,0
49683,2.0603
62276,4.7854
79298,5.1541
55794,0
93896,6.0374
78492,1.8733
87233,8.994
6103,3.132
90951,15.2476
102077,0
65338,0
46300,0
44115,4.9897
70787,0
25534,0
88550,10.0744
19208,0
95602,0
102600,0
82551,7.1206
14514,3.6259
11705,4.6613
31623,0
31888,8.0851
10483,0
42442,4.9229
20337,0
44352,0
5763,0
73359,0
14679,13.0182
101664,4.5294
26304,0
26437,28.0202
19956,0
88064,9.0761
26812,14.995
75803,0
41954,6.2119
25,0
90557,3.9244
2100,0
104418,11.6079
9491,0
61108,3.2162
6290,24.0103
19720,0
82826,10.362
75735,0
48391,0
96081,0
25331,0
92788,14.0014
97409,2.7881
19389,0
61759,6.7439
37974,0
62101,3.5852
86280,0
19026,12.2897
60037,0
31282,13.029
94537,0
84767,2.2481
29638,6.1817
103927,0
87091,18.8721
28801,0
84012,0
34368,0
61667,0
4932,0
31072,16.4845
17822,0
82012,6.5096
12457,0
40812,0
73224,0
11464,0
73824,0
11259,1.9403
30233,10.1056
55296,11.5135
47289,0
203,0
55428,0
20080,8.8552
14386,6.9153
64780,0
60403,5.1232
19202,0
54982,0
14735,6.658
97626,0
39571,7.2993
49688,0
51092,0
26100,0
84110,0
46759,16.2809
85087,0
102826,0
33693,9.5218
67647,0
13858,0
69748,0
79561,0
16600,17.1137
33606,21.9981
51882,4.4915
41506,13.9417
12365,0
93400,6.308
9228,0
82622,0
58530,1.6914
7240,0
103953,5.0838
103639,0
82283,4.4059
9545,16.1327
18326,9.6475
10842,0
88592,11.018
66386,0
40691,0
58093,0
93830,0
96708,0
69675,0
49633,0
42008,1.8252
13459,12.1651
66642,0
13982,0
104231,0
96686,12.2281
23667,0
49088,0
87155,2.5886
94057,0
67248,0
25724,0
58081,0
91388,3.7019
54442,9.2969
40914,3.7547
89817,16.8497
14409,7.5254
11740,4.8852
95948,10.4847
78644,0
93016,4.1355
53563,0
71917,0
13394,0
86857,13.2316
74904,0
4518,17.8306
79654,3.1621
6335,10.2993
89751,0
78874,0
49436,0
3843,14.6004
4235,14.527
92857,5.8827
56513,0
76155,0
28953,13.3934
52809,6.1998
21148,10.9696
47871,7.9588
26320,0
95595,0
96607,0
36248,6.5927
83700,0.9381
7381,0
19365,11.1536
103174,9.5643
8687,0
37052,0
35555,0
88925,14.4643
94539,0
13554,6.4971
87342,0
16060,0
27064,24.2207
36647,0
24647,6.0599
91471,9.8718
45323,1.8962
9285,0
25149,5.7706
88620,0
37820,17.6365
44794,0
58612,6.7973
73869,6.5679
79598,5.0965
62831,6.486
40733,4.6864
75898,14.8853
38044,10.1582
25316,0
23916,0
85225,0
89075,0
97456,2.2138
39573,0
50100,0
53898,3.0421
55356,0
9106,17.7387
34033,11.6034
84847,0
33849,0
43176,7.5466
21014,4.4315
41706,6.0891
76541,0
59053,0
76886,0
56438,9.8861
56985,0
23411,0.7912
26054,11.704
59030,6.5525
87238,0
98522,7.1592
37436,1.1433
6206,0
35833,6.9449
29862,5.211
83693,9.9793
53867,6.0438
34044,0
79423,0
8567,8.6576
27049,0
50960,0
67820,0
73068,0
53685,3.1282
17966,0
75539,9.3356
34379,0
87556,11.8032
6212,0
61279,7.0767
43341,0
73255,0
10070,0
101164,6.9123
73509,0
17087,5.7343
32178,5.2967
86921,12.0923
90625,0
82523,6.7856
67623,0
12941,8.0866
83100,0
64376,0
18528,6.9016
17902,5.3724
741,0
61696,0
61796,13.416
38450,10.9286
32848,15.751
71006,0
85884,0
93921,0
34994,3.7386
27649,15.194
72097,7.445
46669,1.9489
80442,2.8111
34997,0
19224,0
16634,0
12899,11.0878
6575,0
55730,0
62461,0
91628,0
75686,6.7194
29600,8.1685
77561,3.6758
38211,0
89093,0
96580,8.1611
53881,0
23321,7.8728
86197,3.8108
97358,8.8335
16536,0
75651,8.2605
63570,8.3698
81942,0
63223,0
64678,0
64205,0
86456,6.922
102009,3.0042
83192,0
2091,0
67093,11.4469
86084,8.1648
65830,12.976
78318,0
44871,0
24857,0
87024,9.2184
28580,7.7552
59580,0
19769,7.6276
16303,0
67347,6.6327
27467,8.5038
73994,0
3571,0
51698,6.1731
26496,0
8825,0
22513,14.5661
94465,6.4885
11158,18.7082
90882,0
5497,0
59950,2.9099
22442,5.494
74113,0
92608,3.5793
33215,5.8525
49810,0
77403,5.3434
84525,0
3611,0
105359,0
97257,0
14755,0
27154,0
51649,12.4291
73914,0
35223,13.3648
458,1.9529
47047,0
36078,3.0868
18086,2.7667
11623,0
84622,0
104245,0
56113,10.758
42408,0
66473,0
44286,6.1436
94435,7.2442
102185,17.7183
93137,0
4336,0
76873,0
96317,0
14396,5.9444
17041,0
14865,0
103305,0
58058,0
91957,0
104719,0
8113,2.3247
62060,15.1946
51928,0
68510,0
89606,10.5659
30170,14.3499
49685,0
73171,0
104767,0
62084,4.9699
18739,6.3576
83999,0
57787,4.5857
39015,7.2072
57843,11.2437
101874,12.0736
84205,8.5793
34092,13.3392
22618,0
56149,5.1901
61243,0
100216,0
95706,0
3831,0
68303,0
72469,0
27425,0
34259,10.4553
18722,0
62702,0
91306,0
88224,12.774
36019,0
48212,0
105188,0
98472,11.1901
18823,14.136
99037,12.2928
49340,0
97050,0
34475,0
79867,8.344
24246,10.0459
8224,0
46627,13.1128
89842,0
41479,0
72799,20.618
27422,0
102130,0
32171,6.1198
103175,0
40059,0
77076,6.7326
16773,0
85664,4.4244
40136,0
86521,13.647
14529,16.2
62607,5.6236
21989,0
4082,0
25784,0
8820,9.0928
61613,11.8797
11875,0
84753,0
3743,0
100095,6.0635
67356,0
79608,3.8361
28278,0
101248,7.3305
11864,0
14661,0
54717,6.0862
19811,12.9441
30089,6.2754
21356,16.3128
76360,6.5815
4844,11.938
18328,15.787
36211,0
65275,4.373
40560,0
61915,0
53313,12.8471
54687,2.4909
63077,0
22444,0
73164,0
6254,0
91696,10.178
18487,13.1699
61930,6.0512
59615,0
102292,0
47157,10.7321
23177,0
38863,14.1332
89266,0
82196,0
30522,0
33509,0
71036,13.1844
51267,0
10431,9.6493
8018,0
93271,5.9744
23728,0
89775,0
57098,3.9892
70383,12.3054
10724,0
26831,14.6571
7869,2.0564
47517,10.3734
50012,0
27177,0
35276,0
38408,10.8574
7645,2.9639
6848,0
50138,0
41436,0
89867,2.6242
75393,0
58159,0
37263,0
2861,0
85569,5.4843
28292,0
8347,0
67744,5.564
101970,13.5279
70083,0
96084,0
86890,5.0432
64149,0
54137,8.9937
95886,8.1786
76364,0
1610,0
72546,11.4175
37454,0
13328,0
68845,5.6131
99877,10.6677
83585,0
26847,6.0883
67368,4.175
60818,0
24487,0
7733,0
31331,7.8254
53594,0
76119,0
52217,0
22026,0
100823,0
60711,0
52887,0
53113,0
44196,0
80281,5.1593
89624,0
77314,3.3039
75540,3.079
15737,0
59986,4.3513
32005,0
56624,3.1014
4247,0
53921,0
90282,0
71698,21.816
4358,0
44869,4.2173
6236,0
87820,5.5811
34313,0
86675,10.2439
5367,4.9176
26575,0
25967,0
14272,6.5256
104943,0
26330,0
29933,0
71431,11.2865
19378,4.3868
44801,0
94053,0
63675,0
17829,4.3766
94388,7.2468
22534,0
36892,0
22466,0
101747,0
31964,4.6426
63215,0
60426,0
91156,12.5869
21623,0
52795,0
87674,11.5603
27455,8.9457
75624,9.3231
13391,0
87216,10.7666
1247,0
55283,0
70220,0
67479,0
77417,2.7685
16953,0
45706,0
104369,0
76583,17.029
57242,7.0728
70714,0
9480,11.4607
33126,7.4867
33157,0
81429,0
26032,31.8784
22355,7.479
63535,0
54394,0
30717,8.7064
66708,0
30254,0
84569,0
73859,0
104071,0
92781,0
5886,0
12860,0
100731,0
64943,0
89453,9.4701
67117,0
43737,0
32913,17.3748
9936,1.826
91126,6.568
35571,0
64520,0
77640,2.9297
82524,11.2296
19284,0
64046,2.9393
54603,0
39907,0
97601,0
59285,0
61012,12.0312
94890,26.058
7496,5.9322
68682,0
24900,0
65862,10.4325
35429,10.4312
74537,0
76829,5.4428
88330,0
22985,1.4943
42383,0
98685,0
21371,0
69153,5.9654
32578,0
88561,0
101995,11.8553
95554,7.5779
64542,0
36993,0
51765,0
7639,5.3708
65826,8.2303
33923,0
77809,0
15002,0
69802,0
74441,0
102570,0
92189,0
43315,0
105079,0
96416,0
102225,12.3576
101590,0
59175,6.2051
101133,2.087
70361,0
21097,6.5837
51384,7.1308
89311,0
48334,0
26085,0
97452,3.4893
78791,17.8924
12884,0
20944,7.4663
42444,6.6077
98173,0
31587,5.4991
44866,0
31541,0
81161,1.3881
66117,0
81901,0
92793,0
19747,0
14523,0
67077,1.1292
100084,0
88763,7.3822
25647,0
11355,4.6227
25051,0
82645,0
67429,10.0206
33631,18.7838
71098,0
33300,0
35149,12.6251
100736,7.5178
95222,0
44264,0.9466
42414,2.301
7195,0
49482,0
5676,7.3511
53214,11.4589
5365,0
40628,11.6537
53838,6.36
20139,17.2296
84125,7.6753
47262,1.4272
39020,15.2762
102861,0
32503,6.2236
90861,4.3612
78374,0
72186,0
71622,5.9868
36743,7.9601
8556,0
36225,23.4282
94107,0
95043,0
35899,0
75345,13.1284
95199,0
99573,0
89994,0
97288,4.7039
26173,0
78988,0
92718,1.3179
10022,2.8506
36223,6.6096
12237,6.3194
80570,22.0414
61581,0
22642,0
15652,0
46501,0
62618,0
26892,0
55316,0
96646,6.8082
22973,0
74896,0
599,0
91861,0
39688,0
89505,0
57686,7.3565
104026,0
37842,9.65
100517,10.907
77974,0
22067,0
73149,4.3637
691,0
43447,15.8684
92531,3.2511
71666,0
4900,5.1048
82106,0
51747,0
10228,11.2131
73695,0
99097,5.5847
35632,4.8826
73615,5.1138
30978,0
83963,20.607
91275,0
96988,8.1084
84775,3.7169
95274,0
34398,0
64088,0
76370,0
51944,0
94573,0
47170,6.514
78635,0
24368,5.2318
85319,0
96161,8.23
86435,0
61140,4.0272
17867,0
103990,0.7837
40412,0
96446,6.8868
59594,11.5886
68265,0
61064,0
68134,0
42847,0
11166,0
61702,3.973
78349,0
84588,0
90155,6.4411
48001,8.4237
56981,1.756
98609,5.8031
24420,0
21346,0
4428,0
25121,0
22874,0
55464,0
70309,7.7282
19338,0
8615,3.2851
88149,6.6814
45228,13.1649
63677,0
54219,0
27612,12.5277
78913,5.5662
19594,0
28947,5.3901
91928,0
59575,0
40757,0
39012,0
63468,0
83130,0
79753,0
1625,0
8875,0
28922,0
36903,15.2017
32688,17.5176
14408,0
48972,3.6736
101538,0
88838,8.4847
30771,15.4243
44180,2.4597
53088,17.0908
89843,7.2097
58288,6.4433
10100,0
75869,0
41243,0
11462,6.4073
75541,0
6617,0
19316,9.5598
60472,14.3954
7050,0
3544,0
82724,0
53189,11.7367
71244,0
92832,3.8013
38455,5.063
14690,11.8144
99864,11.4919
35017,8.0956
85126,4.5818
69928,5.9076
96262,7.428
59757,0
23952,0
102353,0
27748,0
104704,4.1048
36882,9.3949
96447,0
91067,0
92683,4.4231
19949,0
73625,0
72149,0
47881,0
9523,0
52314,0
80275,0
86564,0
1154,3.6829
38631,0
94954,0
37039,0
34283,0
27427,0
60300,5.5221
95655,0
68637,0
60659,12.5094
7418,7.8348
6527,0
36434,0
13802,7.4595
91660,4.1847
57937,0
72691,0
23101,2.9026
40140,2.234
94586,0
75917,3.8795
78685,0
62757,0
26778,10.9959
86083,14.1101
33322,2.4363
21483,21.8541
24601,0
25809,0
86705,6.7742
25943,0
61874,23.4688
83236,0
98369,0
2803,0
25063,22.6665
18633,0
49290,19.4539
43542,10.6338
32989,0
28277,4.917
37931,0
66038,0
3362,5.1536
62145,0
80695,5.7486
29890,5.4593
34247,7.5003
57657,8.0695
74968,0
31479,0
60773,0
31162,10.0993
38077,0
39232,0
37997,0
71933,3.3238
84133,0
18067,5.8215
74198,0
26590,8.1588
9541,4.3904
69210,0
100213,0
639,0
83870,0
4610,0
96818,11.1365
26142,8.8827
1715,0
10316,0
7308,0
33932,0
72640,5.94
49607,0
26787,0
30521,12.5569
22597,0
84428,7.4246
25024,0
13385,0
14017,0
82456,0
60837,0
77856,2.5059
45749,8.4255
71786,0
52422,0
86832,0
8566,0
8740,4.1483
20476,0
49802,0
16727,5.8213
19983,6.0111
89382,10.9427
65521,0
59168,9.9419
10569,0
84407,11.6203
2196,8.0944
9582,0
99384,0
16802,0
45143,0
21998,0
23420,14.4385
104363,11.6119
80518,0
76346,3.9625
45443,0
60914,0
62762,0
65534,0
37697,0
10759,23.6558
34671,0
28869,0
93441,0
48284,0
102351,0
23496,3.5372
9205,5.1891
76884,0
20435,7.8444
44411,0
10007,0
78900,0
27793,8.6218
29126,0
62026,0
37382,19.8998
51266,6.5553
105354,1.7158
101199,8.8141
77575,0
96986,5.4404
13561,2.0577
7169,0
18269,9.0666
1273,0
57259,0
61313,11.8563
18813,0
50825,0
72371,6.7043
34460,0
22733,0
93382,6.4834
85094,4.7188
84346,0
6295,17.0998
93842,11.787
31082,0
71719,0
76920,0
14821,7.7015
95986,0
21530,0
55530,6.2702
93606,0
39728,0
67149,0
77836,12.2224
80315,4.4204
53272,2.8301
102721,4.1536
55473,6.1276
29034,0
1196,3.7967
11814,14.4261
33819,9.7704
44043,0
23203,2.6007
88144,0
56957,0
56158,6.301
20864,5.4615
53105,4.1703
40385,2.2536
51966,0
60561,4.1101
75648,0
5088,0
30747,0
79849,11.3708
85777,0
80926,11.4526
14551,0
26940,0
29339,0
5934,13.7182
100702,9.3149
11935,6.4866
74268,12.2023
14278,0
101015,3.968
91877,0
20231,2.0946
58411,6.9064
102396,7.0272
83298,0
83849,0
75667,5.4917
16180,0
66093,0
55557,4.7169
82272,0
58753,4.3191
93779,0
47046,0
15232,0
40780,0
53841,0
19711,4.2963
36821,0
92703,0
38780,0
5978,6.8251
39021,9.8985
27903,5.4922
60384,0
40776,0
63367,1.2649
8402,0
99990,8.4553
103652,3.6406
10705,3.1916
74883,0
31669,5.6181
22323,4.791
35757,0
37883,17.3016
54454,2.5932
68953,17.6372
100022,8.0004
36983,0
21475,0
68632,15.9089
62385,0
16343,4.0592
99919,0
8878,5.5025
9741,3.9362
102264,3.2173
55056,0
51399,1.8663
14253,4.2521
27781,0
66790,0
101890,0
95020,0
88560,0
85078,0
29534,0
53665,4.0324
79249,0
82589,20.8482
51888,2.2918
35249,9.1418
65281,9.7376
65474,9.4293
92669,0
30074,0
56280,0
15023,9.3108
19324,27.7769
44045,0
36363,0
12295,0
1682,3.9988
39367,0
6651,0
88054,10.8809
103795,14.7646
82615,0
91504,7.2578
46482,0
98030,4.6554
7575,6.8147
4817,0
42485,0
87374,0
52000,8.9108
44154,0
27849,3.938
68426,5.7058
86559,7.1212
68647,0
25530,0
20437,0
52206,0
52495,7.4073
40227,2.25
66973,11.5433
66718,12.4171
74076,9.4075
8132,0
55843,0
57913,6.2207
45515,7.2824
37354,0
89735,0
12976,0
103364,5.1899
17304,20.3118
13542,0
35718,0
3012,11.7549
95561,0
86447,23.1422
55999,0
36186,0
219,5.9798
14930,0
68245,4.92
74334,14.0726
105416,0
99361,7.7577
95354,0.9896
50866,6.756
42765,18.3642
76880,8.4235
22629,0
94265,3.8321
99973,0
105139,0
42178,23.5519
94294,4.1627
13201,0
76797,9.9791
65875,3.572
28554,0
86243,22.9246
97926,0
16573,0
71330,0
54269,10.6563
15443,5.187
15871,2.4583
46897,7.461
55067,0
7300,0
45015,0
99905,0
100278,0
72351,7.0782
39686,0
45264,0
103812,0
60835,0
95230,0
44312,0
75721,0
80615,0
35135,0
99865,12.4249
58721,0
71461,1.1706
16620,22.2804
23592,0
57315,7.7098
66124,0
62913,0
91930,3.5039
78669,2.0204
87257,0
65705,3.1205
27859,6.6102
27578,3.4276
62179,0
68164,0
56755,9.1944
101025,4.2796
26797,5.1856
104573,0
65740,0
53561,5.2438
30264,0
76334,0
17205,9.3299
45882,10.1956
63855,6.4514
75606,4.72
83379,15.2816
20628,0
15938,6.5704
70103,10.5063
90512,7.9183
88867,0
38985,0
89155,6.8826
9142,0
66351,0
407,0
92673,18.7745
43780,0
31106,14.5912
83035,0
74382,0
30511,15.641
40995,26.7807
182,6.914
29943,6.7891
807,5.1262
65090,0
97560,15.3751
24397,0
98612,0
25274,0
93224,4.189
25404,17.0194
90736,0
35849,0
33993,7.4629
75991,0
21108,0
64619,4.5551
27180,0
7957,0
42867,0
92672,4.3029
16685,10.0061
78971,0
52612,0
22476,6.954
86738,6.1667
99893,6.665
93105,0
76032,0
67254,0
22299,12.663
30332,0
62415,2.9181
98588,0
2632,0
9355,16.7168
76543,0
56177,0
95481,0
5685,0
76239,0
4204,4.5718
55593,0
43834,0
23093,0
10670,0
2337,0
10471,16.7843
14405,4.3266
75674,0
30388,0
60841,0
29403,3.7924
6013,15.5153
70368,4.7328
94841,12.2652
58980,0
14909,0
70880,0
8807,7.7337
98165,0
83880,0
54716,0
11737,0
28484,13.3265
74568,3.8217
1632,12.3177
95453,12.5496
15227,0
37168,8.3267
2922,0
100049,19.3508
100657,14.6713
97998,10.92
103046,0
43795,14.8624
104389,7.1248
100248,6.2068
70446,4.9567
49013,0
69552,0
43930,0
59212,13.8907
90440,0
68488,21.0088
12154,0
73623,0
99514,4.2865
101707,0
86322,0
52679,0
11562,0
56102,1.2251
18918,1.4959
69461,0
51509,0
31767,4.2264
78025,3.2451
48123,0
25257,0
16889,4.913
27981,9.894
50402,3.6284
42814,13.907
51748,0
67016,0
17952,4.5482
16576,0
55850,23.96
1930,4.5816
96208,9.4922
89551,0
88193,0
51147,0
50400,8.305
14591,0
60125,9.5429
48708,0
31281,0
95855,0
12324,0
14593,0
94354,0
16014,2.514
17857,0
26088,0
68840,26.1884
61106,6.0858
30220,8.5782
5797,0
88785,0
1220,14.9964
99356,0
66205,0
65940,0
54381,0
77902,0
23859,4.5894
27205,0
77356,14.3721
6500,9.5787
50089,0
96714,0
14407,0
47064,0
16874,12.981
36469,5.3032
2862,0
65664,0
39380,0
47264,3.8083
64461,0
16549,0
36881,0
102608,0
70347,3.7629
65901,0
70959,0
13504,9.0989
51211,0
57568,4.5459
13483,0
84294,13.0709
97932,0
39327,28.1372
74999,0
53411,0
20877,8.4161
74957,0
36825,0
84042,0
49132,0
81961,12.5229
47102,8.2909
74340,0
95887,15.4176
1375,0
16704,0
22117,10.5274
14873,4.6932
51002,0
33543,13.5255
96185,12.0466
37275,0
16910,5.6704
11054,0
89385,0
82795,0
78835,0
42006,12.569
15365,0
41812,0
64330,14.42
96152,0
7228,0
23435,0
94019,0
47032,0
33323,0
58089,0
77866,10.9314
83820,5.4161
4778,11.041
38581,0
80628,9.1113
41914,0
93500,0
29171,8.0183
92563,0
94637,8.7693
36857,0
82232,0
44240,5.1822
1980,0
54052,7.818
55881,4.8176
36306,0
63182,0
7725,8.798
40023,2.8846
56888,0
42352,3.3709
53849,0
15397,0
8706,0
58579,0
23408,0
34989,0
32766,0
79346,3.3715
2848,12.2279
2615,0
23370,0
45735,5.218
11488,0
27841,9.9602
95604,5.5591
99666,0
81926,7.7216
95582,0
42556,0
16922,2.6323
83060,0
21106,10.9273
89151,3.5347
53979,9.6307
43431,0
11328,4.5104
43879,0
89477,0
55548,0
70654,5.4417
104565,0
50117,6.2263
86645,4.5383
41087,6.6923
105356,2.029
28246,0
90976,0
40108,4.8721
87641,0
66451,0
41036,7.2003
48964,0
37299,0
16235,0
2669,0
50211,0
92230,4.5222
99424,0
37909,9.7741
96426,0
74254,0
52162,0
63574,0
25050,0
30444,0
2045,0
85418,0
36278,6.0122
97078,10.6417
72472,5.8119
99661,13.4971
30075,10.454
43386,0
96775,0
52551,0
82274,0
54275,10.83
82944,0
19759,0
93865,8.6287
38098,18.2395
28997,5.9861
52015,0
98316,0
78810,12.7135
26273,3.5467
53696,0
73565,8.157
44864,9.0784
68730,0
16265,3.4708
101998,6.7732
24547,6.7806
70813,7.2697
46639,9.458
80792,0
27737,0
60880,0
28265,10.1125
53054,0
17912,9.2732
82258,12.88
71430,7.5125
95102,8.8051
48988,0
17987,0
5495,0
12367,7.293
75016,19.9823
19853,0
85456,1.1562
39292,3.8272
96845,15.4643
22684,0
62701,0
97715,0
63152,0
68415,3.2501
53532,0
96388,10.4246
29115,5.2865
90238,0
58436,3.6841
96341,7.7085
11954,8.8969
29837,0
73368,10.7226
80715,9.4074
49608,0
69916,0
86122,6.8093
67110,0
47417,0
84855,3.4048
5519,0
69031,0
4365,12.7404
67837,0
18066,0
41825,0
69713,3.6756
5351,0
40517,0
55216,0
102960,0
24449,5.8994
73029,0
44176,3.1266
71514,0
71402,0
68369,4.8947
96518,9.3749
49188,6.5828
3888,0
61546,0
17174,0
86764,0
65691,6.9616
40258,0
96326,0
35441,0
101649,15.4281
21775,4.9649
71259,2.0944
31839,12.6041
17104,6.0978
60285,0
88400,0
68184,0
13904,0
44443,0
7520,0
81669,0
13882,8.3609
72279,0
105248,0
33854,0
27176,4.2106
62191,0
98992,0
20866,4.1059
14664,0
78781,14.163
40403,5.9478
22622,31.3829
38725,0
30181,6.9976
2068,0
49003,4.9308
63204,0
49577,25.7282
28005,0
40607,4.7242
45686,1.392
59926,4.5407
48636,0
98155,0
1241,0
10607,9.8196
94982,14.4804
25611,0
62016,2.7632
28089,0
64555,0
612,0
79012,5.5061
47743,10.2035
103484,5.1822
81261,6.8153
18222,4.3459
98660,0
28829,0
63906,0
25315,11.7922
86468,8.9866
207,0
83251,11.5875
79322,0
59219,0
44630,0
53115,5.5532
61765,0
73888,0
83409,0
63456,28.3702
41236,0
11242,0
52895,0
68068,9.3243
31013,0
41450,0
25320,0
69775,0
18291,0
31232,6.4743
85915,9.5054
38328,15.3636
44992,8.4727
48490,3.2379
31880,5.641
35592,0
12058,8.0052
93531,1.5817
85182,0
47737,0
87732,9.2969
54825,0
83740,0
36613,3.7749
51624,0
30449,0
12805,8.0976
73740,0
29934,0
63530,0
25537,7.037
97115,0
47884,9.5819
52268,0
38589,8.3065
87517,7.8656
5650,0
62011,8.4407
86729,0
10481,8.3805
50213,5.6698
88125,7.6489
13181,0
58903,0
802,4.7692
19144,0
56207,5.9754
45078,4.2248
84224,11.8408
74730,7.9705
20076,0
47377,4.5117
99946,0
81957,0
73020,0
20235,0
45701,9.6329
9698,0
3246,0
5673,6.5986
70886,18.0437
50909,0
76355,4.485
36217,0
97319,0
102887,0
37310,0
87984,6.7622
41563,0
65606,0
76469,0
5945,8.8689
83484,10.3346
49619,4.7729
4098,9.0912
73749,0
100066,7.7383
90223,0
59519,8.9499
36333,0
46192,0
14742,3.7989
6811,0
36108,0
53261,0
65506,0
1125,11.6769
5479,3.9301
88871,0
78373,6.2944
72782,7.0205
9023,0
89065,0
59602,0
45900,0
94556,9.5321
77102,8.8521
78923,13.5493
58521,0
64463,0
56960,8.6386
102477,0
37752,27.466
38611,0
99763,0
99198,6.6429
71150,5.8216
41011,0
37964,0
79254,0
8445,7.3176
86603,0
18448,14.6612
51325,0
10535,0
44755,0
100494,0
88725,0
46617,0
49318,5.8265
31190,5.3366
91097,3.4308
39582,10.59
100938,0
40998,0
52807,16.8854
67055,8.8871
74494,0
12890,0
62721,0
41892,0
2899,0
16667,0
34880,10.4802
38106,0
19009,0
38160,9.9568
12799,6.8151
61366,3.4537
98914,0
12211,0
75678,0
23683,0
29486,0
71876,2.9873
114,0
69281,0
56722,0
75270,0
49227,0
70003,0
65836,0
39674,15.7166
83316,0
30653,0
103987,4.7526
21990,6.0348
103342,0
34743,7.8383
85579,1.8523
101911,0
11330,0
44062,0
35785,5.7423
101046,11.5484
87692,3.4179
74703,0
17190,0
67879,0
50587,0
1906,0
97826,0
44883,0
84582,11.9613
37594,0
25003,0
103486,7.4152
98547,0
49787,11.4141
79295,0
5472,5.4559
55851,12.3447
35657,0
64545,0
54272,0
24415,5.8589
42099,0
42531,0
52049,4.0058
31775,0
36402,0
48116,0
20561,5.4146
36468,5.4707
79972,0
18416,13.8613
78136,6.2967
27182,0
9631,0
8005,0
70613,0
77097,0
63957,0
2216,0
93167,0
27140,20.5913
103044,12.5265
73960,4.3098
75378,6.9546
96429,0
17329,7.4122
36310,0
44637,6.9037
34728,2.9702
65311,4.0795
4051,0
56703,0
41490,0
87488,17.0348
77728,0
33150,26.7389
7086,0
2523,7.289
39611,0
89349,0
40641,0
4782,7.1628
48247,0
12644,0
45784,7.1395
53299,0
29281,4.5604
30775,23.1937
8894,0
91176,9.9565
52155,0
6008,0
55043,0
28022,8.3698
57156,0
56600,0
51110,5.3963
17333,5.0232
29247,11.8491
69051,0
92006,0
63485,1.7121
99326,0
8736,0
5368,0
67860,0
11342,7.8664
28613,0
95328,0.7761
52137,0
82445,7.039
64624,0
10075,6.4083
11606,13.2247
7717,0
61100,7.6702
91034,15.8364
95092,11.1914
54460,0
2871,3.4919
54355,0
87212,0
82164,3.4185
68076,3.9471
27633,13.2477
62079,0
72538,12.2105
79958,0
102033,0
47495,8.0307
79615,2.0848
68252,7.7848
62437,3.2665
43566,0
48441,0
18577,0
74958,8.8471
81516,3.522
71697,0
64638,0
88627,0
25632,0
8467,0
24994,0
87094,0
26782,6.5651
73501,5.339
54574,6.6464
54113,0
49465,0
31893,0
6067,0
76578,0
26553,7.8693
62274,0
52771,0
83131,0
62434,0
18967,0
88321,0
23155,8.2751
92498,3.1089
22377,2.2796
66590,1.4663
33153,0
33505,9.8547
103921,0
81404,0
26073,6.5822
75992,0
85856,3.0171
4062,0
52487,0
22247,9.5674
83458,0
23075,6.8202
72166,0
47054,0
1379,0
34959,12.6487
65416,9.2614
94147,0
94879,0
34547,0
5170,0
83160,0
35199,7.2721
89596,5.4141
19539,6.7338
97987,0
43585,2.207
40727,0
60817,11.0786
17121,0
34215,0
103251,0
29861,5.1511
29162,0
24067,0
416,8.4985
81248,0
48703,0
1078,15.1667
31123,7.2015
89345,0
86365,7.7309
22560,2.999
45287,0
69206,0
61626,0
68801,0
21970,0
59804,9.4594
71879,6.1326
80990,0
13731,12.3984
2685,5.7375
90832,0
47945,0
45726,0
8771,8.9375
104829,0
61213,0
92468,0
27623,0
74339,6.3732
2834,0
37711,0
21807,0
87673,0
34599,0
26052,8.4356
80750,12.8647
98064,7.6061
14143,4.4262
87204,10.6508
63968,4.7261
61476,6.2507
49680,3.8727
66739,0
95280,12.8653
80679,0
26439,0
54839,0
69243,0
81671,7.2838
91133,7.7985
47336,0
44136,0
10566,0
16351,0
96313,0
99969,0
2344,0
4786,8.2777
71419,0
22128,5.87
14245,0
54694,4.3309
48382,0
84558,8.1018
21938,19.0587
38108,0
59718,8.1039
42666,0
37209,0
66773,0
63940,0
101508,7.4311
50854,3.1285
93532,0
81149,0
21260,34.8806
98355,0
39622,6.4294
89801,0
4491,4.4517
13578,12.28
18414,9.2276
27166,3.1909
63374,0
34325,7.0081
64348,3.5324
2717,0
90769,17.5081
9194,0
95846,0
87022,6.655
47387,6.7075
30949,0
38357,0
23019,0
69013,0
101452,5.4123
104824,0
69059,4.5363
100866,0
60545,9.6623
87691,0
98606,0
47915,0
55479,11.5114
95386,15.9602
89718,5.1004
23695,0
986,0
13913,0
105193,11.5173
54487,9.5376
3615,13.3555
34930,10.3676
42806,0
89845,0
40373,0
67103,0
14103,4.8166
34315,8.3493
13404,0
18890,4.0733
29039,0
65827,0
27011,6.1119
105002,5.1656
94471,11.0125
73724,2.2671
46383,6.7387
78450,0
41340,0
73813,0
18206,0
56680,4.4779
55264,0
243,5.5001
22255,6.1146
98363,5.216
19576,0
16666,1.5389
90592,14.6145
96178,8.2075
63296,2.9135
93139,2.6777
16921,1.7448
92275,0
5,0
11779,0
71940,0
67299,0
50180,22.8771
28080,7.4438
102760,0
71978,0
100438,0
38307,10.3358
65466,4.3694
71285,0
23305,0
82371,0
64504,0
19424,0
6702,5.5855
45643,0
36553,0
7251,0
55948,8.2488
3468,8.3785
70332,8.9745
47862,0
53679,5.6158
81727,22.0739
46623,0
56389,1.8664
52816,4.2708
14178,4.6662
67230,5.254
89486,0
7295,0
50030,0
53160,0
22441,13.3829
59390,10.4149
381,0
5288,9.365
22518,2.4631
102020,0
58019,11.3587
47405,0
19572,8.6876
96401,0
33667,0
35014,0
1994,0
42616,0
10866,6.0234
101549,5.5436
35253,0
69997,0
16035,0
53324,0
49490,18.7193
64947,0
31523,0
40608,0
22861,0
61662,11.7218
80651,0
81203,0
44291,0
48884,6.0465
16687,0
18674,0
40252,0
78562,0
50288,10.9961
16703,5.8701
57859,17.5114
71900,4.4624
58845,0
8188,0
6952,0
63366,4.0107
2611,0
23458,0
1767,0
1369,0
40540,0
26236,0
341,1.744
31167,14.4639
60117,0
81144,4.3253
102270,0
89745,8.199
89136,0
73488,9.311
102384,4.912
49368,0
6718,0
18280,7.111
79935,0
11,17.8494
33034,0
54190,7.2352
17775,3.7547
57237,0
70043,10.5761
62107,0.1656
68463,13.0358
85930,22.8187
33027,0
50050,0
98892,8.0807
21049,14.9235
61569,4.4246
47595,3.776
14048,0
46204,19.5206
99478,0
42125,0
63734,0
9264,0
28502,0
1352,0
33627,8.1468
67809,0
60081,0.6325
96635,5.7814
2743,8.1094
102718,5.1678
86483,20.7725
38402,0
96594,0
23008,17.8153
59368,8.9129
13467,0
39005,7.2218
15174,0
103735,4.9559
4699,0
70796,0
47791,11.6484
94542,10.9084
99352,20.3001
73728,0
4272,5.8086
77641,5.1862
51699,0
42149,0
25688,0
15343,0
62791,0
57011,0
43698,33.1517
35029,15.2752
47785,9.4706
98589,0
15163,0
19719,0
63821,0
65912,0
35613,11.9284
27145,0
17391,8.2751
56095,8.2855
72405,9.6236
7710,17.0573
44666,0
88675,12.447
59310,0
51921,11.1797
65727,0
76221,10.8217
59151,6.627
3876,0
89901,0
101706,4.2494
96583,0
49526,11.2089
53397,4.7899
81609,8.272
69481,4.4534
29753,0
103283,0
38051,8.9131
12502,8.7813
6232,3.5033
65000,0
38704,0
70357,6.2336
94076,0
95194,0
21544,7.9357
69900,0
42607,0
67352,0
28575,0
31475,0
74986,5.3479
95678,0
92380,0
91222,4.2673
450,4.207
30536,0
943,0
19713,0
25918,4.6136
14431,0
58902,0
4723,4.2234
66229,4.713
50376,11.9096
3368,3.1003
76075,6.5512
92613,1.4422
52517,0
41358,0
15262,0
36454,0
52573,10.2595
14563,6.9841
95856,4.433
46825,9.7126
66256,0
26690,0
17565,0
90051,3.1604
43010,0
102378,1.3854
61917,8.0596
15094,7.2847
90647,0
54206,0
1742,0
35574,0
43330,0
60625,0
24720,7.5215
39340,3.845
95324,0
78087,0
17807,0
43559,7.4535
47483,0
76482,3.2376
1626,0
70315,0
41817,17.6768
59955,0
29556,4.4618
82066,8.1645
91757,5.3429
24999,12.6331
8779,0
86009,0
9304,0
44780,1.8722
36922,10.5301
11662,10.9483
95335,5.0414
31705,0
77545,0
49252,7.621
25922,0
105433,3.2091
74524,10.0116
16487,10.0598
36436,0
90843,7.3014
560,9.2121
41944,5.731
53211,9.1069
79829,13.6269
36597,6.5529
48916,0
61794,0
97694,6.3279
70343,13.6832
50085,11.2677
100498,3.613
17585,9.6428
21198,0
61840,7.5762
64868,5.4074
42397,9.2419
103925,0
19444,0
57546,4.989
77121,0
104036,5.2805
73260,0
65522,0
97815,15.7388
11586,0
4501,12.3257
49333,19.4989
25867,0
57667,0
8090,11.0468
2263,0
81471,0
2291,0
33088,35.418
88249,0
82454,8.6413
66966,7.3045
102531,0
99940,0
104441,0
69183,0
30901,0
33325,5.6786
60878,0
97790,5.7618
85888,0
84953,0
20205,0
62405,13.3896
40546,0
36795,0
42707,8.5956
56257,0
20192,6.3699
48377,0
19746,0
73919,0
15043,5.0188
31830,11.2843
102747,16.4454
37780,17.0753
65390,10.9118
58633,7.3526
21176,7.2213
17584,1.1712
36561,0
69642,0
103369,0
41134,0
60707,0
70852,10.3996
39962,0
103067,0
60067,8.4357
95819,0
96857,0
37941,0
39396,7.4151
75508,0
25446,0
31652,0
71718,0
47018,0
21409,18.5214
29946,0
83146,0
54254,5.6456
45563,5.7129
70371,0
72010,8.3068
92508,8.4002
39765,9.2273
4808,6.8222
62286,4.9678
28690,14.6256
60302,5.297
50362,0
97648,0.8579
42044,1.9899
29284,5.5621
13236,14.6109
20931,0
100965,0
42188,5.8203
12351,0
68849,0
33121,0
88405,0
105431,3.6514
94524,0
23347,0
18143,0
17488,2.6721
70517,2.1322
22163,0
49342,0
84539,2.5026
58138,0
90036,0
85692,0
37516,0
20176,14.0617
37257,6.1928
90767,8.9441
83293,0
69606,0
35595,0
56125,0
7904,0
45568,12.0226
33037,0
68131,5.785
89187,0
59388,4.9018
81834,6.0547
50188,0
29460,0
82387,10.2234
75639,0
99105,11.5117
70930,0
77391,0
85219,0
64237,0
36325,16.4302
62466,0
82670,0
57503,7.3235
44791,0
37676,9.9296
97187,0
96785,7.0927
5736,9.1313
73835,0
103289,0
6969,0
84592,12.5283
30395,0
69144,0
14718,0
49190,10.8774
48080,0
55358,4.8645
87491,5.0754
18619,8.5207
68333,0
40398,3.9653
97894,3.5006
3060,0
25125,7.7797
49864,0
100120,2.5825
63062,4.3086
100025,4.5976
96054,0
31917,4.5318
88110,15.697
17546,0
59501,0
22696,0
39838,7.6515
78270,0
78863,5.3592
52369,0
45926,0
24820,7.3928
8963,0
53942,0
68011,9.858
66766,0
42592,0
8957,0
90025,10.1512
69623,5.9655
85898,2.6587
26661,10.9697
1226,4.8259
60705,3.6583
59633,0
37643,8.7921
93555,0
48676,0
105182,0
18305,5.5837
28076,13.0994
78224,0
92113,0
55413,0
1954,0
88985,0
81963,23.6603
14785,0
26338,5.8815
99719,0
53136,0
86581,8.964
27226,0
39040,8.999
62093,3.1446
83606,9.3242
37496,0
79743,21.185
13930,9.7507
17642,6.1741
56185,0
78764,5.4647
104985,3.6141
97161,17.2914
61557,5.9268
10886,0
82058,8.5969
12501,0
22909,0
93115,6.1025
38983,0
35546,9.5665
70871,0
104811,10.5157
95235,13.7084
33187,18.7985
70698,22.7928
70260,0
76946,0
67225,0
2850,0
83632,15.4735
97044,0
40276,0
63919,0
85421,11.8684
83138,8.0936
74197,14.4001
69463,0
5962,0
33552,0
71852,0
17132,6.6868
100943,8.1943
36067,0
61593,1.7868
16155,8.8402
98373,8.6163
20029,5.8479
30675,4.9244
104720,4.394
29468,0
20351,0
45562,0
62334,0
6387,6.5714
91881,5.0512
80843,0
100177,5.9492
62275,0
52976,0
83414,0
67817,0
73141,0
19647,6.0518
64474,0
3031,0
36087,0
101115,0
5463,0
5753,0
28822,3.9511
64089,0
39509,28.2095
96971,0
57171,3.5108
9056,5.8863
96452,0
65876,5.0622
76383,4.4092
40987,0
74560,16.4678
22697,0
73399,0
41991,8.91
62630,2.438
67019,0
47428,12.7099
61315,5.8822
20448,0
68740,0
95784,10.8972
71810,2.6601
34078,0
19611,5.899
11378,0
27124,0
55633,0
9672,0
16482,0
32596,0
66538,0
56840,0
83479,0
23770,0
101886,0
46306,0
34638,2.9451
81276,0
73605,0
43373,0
34581,0
22352,0
93196,4.3035
83814,4.0742
68,0
46483,5.4718
51503,0
95379,0
25813,0
36169,0
83064,0
79735,4.1374
4666,0
16084,0
103914,0
90722,4.0715
13463,0
98383,0
95540,7.7455
89132,0
19813,0
92342,0
9235,0
80388,0
2903,7.8378
73052,7.0473
47096,0
70059,0
23168,0
37158,0
45580,0
37022,0
29585,0
100578,0
105113,0
26935,0
87360,0
93040,0
68815,0
88465,0
35006,8.0981
72096,3.2908
15406,0
42660,0
39459,0
81663,7.6276
493,20.0725
1364,0
74585,0
99873,10.9481
92803,0
13711,6.6996
83611,0
63488,1.8233
44165,0
73487,5.8062
64007,0
63526,0
32908,4.2501
101560,3.6704
85250,8.419
64319,15.7685
59352,12.3454
59669,6.1879
72016,6.1753
60667,13.87
63470,0
17705,3.3584
1586,0
44703,2.328
94642,0
28792,0
39453,1.1213
93823,5.6061
96104,0
90743,0
3539,0
89039,1.7798
81122,11.0379
100551,0
26263,12.9764
21573,0
20715,10.7438
52685,6.0103
35085,0
58200,0
101475,0
86445,0
2412,3.5413
41469,0
58984,8.6314
92191,8.5287
806,9.7009
9710,0
74775,0
7218,0
9454,0
1623,0
31514,0
50561,0
24337,0
102493,0
28153,17.0485
52069,2.5702
48066,41.5218
74855,0
7114,11.6514
35794,0
77146,0
66121,0
57683,10.2373
79387,0
36924,5.9957
63279,0
6507,0
79978,7.1628
59856,0
63743,0
27289,0
17889,0
56486,8.1232
10656,6.3194
11925,16.5456
102524,0
25085,0
45711,6.2003
39369,0
69422,0
48183,11.2917
104547,2.3673
32204,3.6028
51613,0
65388,3.461
84572,0
31953,0
20163,5.8167
92955,9.4061
95937,2.9075
15760,1.9936
5082,0
49130,14.2504
75396,0
57879,26.4995
66173,7.3072
83344,4.5633
30103,0
80268,0
85409,0
85912,0
8755,0
53251,0
44872,0
86107,0
64060,4.636
70685,5.9314
85300,0
26042,20.0513
50706,6.6881
51279,0
96920,0
19203,0
48956,0
83124,0
64767,0
49578,0
35778,9.3831
38353,4.8726
7641,5.4254
31510,0
104243,0
80026,0
85308,7.1362
60414,5.8832
2557,0
33045,0
54874,0
53366,8.1887
3694,2.052
51125,0
54252,11.4436
85832,0
57220,7.2113
59302,0
57938,0
12613,3.3402
30546,0
19727,0
14353,0
42151,0
19041,0
10788,0
7771,7.9959
18971,8.4148
44601,5.0596
83685,1.1487
38206,5.9569
62614,6.1203
93465,0
89164,0
34170,18.2711
83393,0
62569,0
96748,0
89185,2.0653
35689,0
82737,0
50823,0
80385,10.9831
15022,11.1561
81585,12.852
101910,0
28051,3.3999
98088,0
93408,4.9815
67970,0
28177,0
83784,0
17957,0
81724,0
82680,13.2818
98413,0
37233,11.0448
101478,10.3861
10180,0
42909,0
79192,0
8226,0
39521,12.5319
56097,0.9454
63822,0
92436,0
40979,7.5853
102306,4.5617
96351,9.2241
9950,0
63042,0
84072,11.4193
7969,0
87277,0
36874,10.4659
85074,0
42797,3.1697
35435,24.8374
12736,3.0883
37557,7.2519
95868,0
27528,0
70350,16.0934
87698,12.1116
45463,0
12866,8.5537
42191,4.6196
48234,3.946
25622,0
13633,8.2332
40692,0
47949,0
104844,5.0496
44442,0
36547,0
103357,10.8479
96890,0
42274,0
54779,3.9464
35043,7.1458
13566,0
46141,8.303
71766,9.5745
21494,10.5455
30594,0
93206,5.4721
62074,0
53244,6.714
63335,7.8395
76691,0
8966,2.9079
80404,0
32306,0
2577,8.6546
81576,0
81084,0
15086,0
46198,9.295
47995,0
46224,6.9043
76076,3.4778
42261,0
15718,9.0713
53135,0
17131,23.6657
19523,6.0664
72626,13.1761
54580,4.7791
87993,0
76982,0
17401,0
48494,0
30221,5.3709
103382,0
83455,1.7806
64499,29.9023
67007,5.8224
101396,0
34852,0
86148,0
75200,10.1716
28996,0
28669,0
36686,0
66851,0
45783,0
91501,4.0465
104489,0
92403,3.1474
51075,7.791
2976,0
19091,5.8274
105325,0
43505,0
1877,7.6965
17449,11.0725
77457,0
79845,10.7644
3187,0
77715,0
54491,0
31079,0
89092,0
12333,0
19737,0
21102,21.8924
10861,2.7994
46472,0
70469,8.9833
91871,17.265
99388,10.8821
72891,0
232,0
104657,0
75526,0
83380,0
72836,0
1791,0
27150,10.9362
54732,0
83121,0
4766,0
31225,0
48818,4.8558
94773,0
53197,7.6714
33044,8.6047
84641,11.6916
60163,6.1683
36594,0
72232,0
95850,0
83217,7.9446
74075,0
90502,0
78624,0
9037,0
89953,0
16342,0
66977,6.1578
35111,4.3748
29593,0
67263,0
83467,4.987
93574,0
94041,0
74506,6.8183
79379,4.0678
74722,4.0063
45311,4.5558
76940,28.0949
56943,15.7307
11333,0
67259,0
10771,0
67285,0
95818,0
64653,0
62595,4.2682
26640,8.8827
76618,6.7498
41930,16.1294
53998,0
68201,4.0153
4356,5.7795
53234,6.4298
39822,1.9583
88299,5.414
54325,4.9936
14701,0
21909,0
907,0
82380,0
77331,6.6068
46433,3.3228
92828,8.8704
23719,0
14456,6.3586
32210,0
1376,6.3542
83296,0
27347,0
62928,0
30494,25.7156
97346,4.6233
54013,0
3409,0
91908,15.0117
3907,0
48078,3.024
46912,5.4756
4319,4.245
96418,0
101514,8.5936
18464,0
36799,6.93
31051,8.2849
84362,0
17478,0
2432,2.2076
20895,6.7613
48551,0
8841,17.2271
16996,16.0549
5524,0
65811,6.8678
25183,13.659
102052,3.9802
43286,0
15557,0
75587,0
2768,0
14620,5.2213
69603,0
79738,5.5971
45620,0
100187,6.9988
88769,0
45486,1.2458
84126,8.3819
95647,3.8634
84295,7.5768
73542,0
20468,5.271
9040,5.061
81581,0
74102,6.0749
40491,0
59070,3.6347
30799,0
90517,0
94390,0
64460,0
48514,0
22916,21.4046
32768,4.7298
6314,4.0162
15031,7.2067
69943,9.5888
5392,9.1681
28653,8.3488
10126,0
35479,15.2602
53110,5.9076
16166,0
7109,0
20356,0
78423,0
103852,0
68049,8.2902
97366,0
63467,0
58826,9.638
66390,0
34985,11.6564
25712,0
84496,0
100700,0
41813,0
53456,5.0818
97980,0
87729,0
64372,0
66937,7.0165
77925,0
84835,8.6483
42898,0
28365,0
34210,0
15195,0
4425,0
67918,3.8283
78961,0
104947,0
30827,0
80054,9.4725
10862,3.1954
61549,4.3035
10565,0
55849,0
56933,10.5281
50231,8.5401
88842,0
66793,9.8108
92782,0
13365,0
26922,7.4247
45921,1.8815
49489,0
2221,1.6914
46809,0
6280,0
92226,8.0064
67354,0
69403,0
76950,0
42193,8.8183
13705,0.5923
90581,0
94185,10.2733
52663,0
87493,5.9522
40322,0
18588,0
90620,0
15929,0
30207,5.6681
103377,0
1590,0
14215,8.8443
7074,7.2742
14977,21.8102
67926,10.296
45549,0
52539,8.5659
34225,0
39679,0
48931,6.0128
60830,0
94163,0
92665,0
84814,14.2838
42091,5.0813
27971,0
79840,0
45377,5.5114
87733,4.6833
60524,0
46024,0
44642,9.8287
59376,0
59671,0
24401,0
60333,13.4078
12281,11.2895
53793,0
42316,0
20019,0
80156,5.5023
58610,0
73267,11.0505
10442,14.0836
56067,6.6991
58614,9.924
3928,5.1947
84024,0
17086,5.8809
43909,0
90748,0
66926,12.8426
25735,0
90824,0
35001,8.2278
15735,0
64339,3.6781
92549,1.5266
103376,5.7581
69611,0
14332,2.3101
3918,0
74164,5.457
88289,7.6878
69815,0
75096,0
70908,0
91032,10.5882
344,0
20745,0
67854,0
62459,0
26978,3.9481
35662,12.9129
41702,4.7507
65230,3.6993
14241,0
15626,0
72846,0
98240,9.3032
89088,0
89779,6.9494
95785,0
79328,0
18396,0
43056,5.0862
68886,0
85342,4.4137
27360,0
82016,14.4185
21421,15.7227
62439,0
60652,1.2168
29398,0
38053,0
53762,0
42721,0
87492,7.8846
86028,4.6052
44621,6.0407
104975,0
23872,4.8995
56897,8.3657
82464,0
28634,5.6124
57554,12.6636
26760,0
56491,8.8915
25513,0
91304,0
89280,4.1591
2409,3.2859
40179,0
88905,0
39268,0
72235,0
95961,7.2517
51424,0
15347,28.2613
29008,0
68013,3.1713
77924,0
61903,4.045
57446,6.9792
90714,2.2772
26117,23.9118
15658,3.4856
79066,0
72614,0
46716,13.6422
97869,15.6308
25955,16.5978
60269,5.0619
99751,2.7797
46966,0
40462,7.5143
50259,13.72
51368,11.2613
74265,0
62914,0
93008,1.6185
53913,0
72580,13.9692
21075,9.6576
91826,0
52837,0
28204,5.4106
18150,5.1076
17926,0
64328,5.5288
83696,5.8251
20451,7.9362
27522,6.098
37561,0
87256,0
53082,0
99714,0
103462,0
13347,3.6294
62383,0
38478,0
54071,0
72108,0
42321,0
35713,0
56583,0
30322,12.0626
82433,0
22368,0
88342,0
89597,2.2548
48697,0
77607,0
20270,8.9765
15990,0
77785,0
88708,0
39417,0
30724,0
37841,12.3644
7214,18.2504
19040,2.4267
57418,0
97638,7.303
89402,11.1591
23651,10.9204
11655,0
31526,12.4997
80845,3.7113
63112,24.9578
33180,0
29071,16.1019
3868,14.1739
85622,11.4431
3273,0
4287,0
52825,9.8703
38183,0
97172,0
72190,0
96021,0
54590,0
46313,0
40070,9.2076
80195,13.9987
6375,20.1522
104251,10.2924
33602,15.3308
11971,9.3144
65493,3.2517
49135,0
96593,0
10733,0
3779,6.669
4042,0
50857,0
12083,0
8116,0
48198,0
39856,5.2262
36399,0
8283,0
102015,0
49196,4.0502
26298,0
22,0
89733,3.92
72436,14.5519
84726,0
46679,6.5902
37311,0
29170,0
34577,12.8837
19395,18.8651
72218,12.64
72924,6.0001
54608,0
49030,16.6776
4659,0
87509,0
47454,5.477
13946,0
43346,0
92139,5.2354
102568,0
58891,0
92178,0
21881,6.4467
99338,0
69789,0
57872,0
7107,13.984
102592,8.3247
57773,1.909
71881,2.0477
4200,0
5289,8.1942
19781,0
98785,0
72725,16.0813
9790,4.1317
94623,0
48333,4.3373
88604,6.0826
3632,0
6879,12.9079
30587,0
87356,0
2037,0
77828,0
65442,0
23077,4.1317
21581,0
89761,0
24040,3.2618
91143,3.3284
23674,2.9084
91168,7.5385
93407,0
22353,2.9203
70695,0
95519,22.4826
36534,0
104569,0
70864,0
49613,0
81640,14.8054
18327,15.5164
100453,0
101389,6.6145
1031,0
57087,8.1974
95111,0
1984,0
67656,0
75534,0
97538,5.688
78893,0
84273,0
23132,0
12696,0
6085,7.7489
60955,0
54927,6.6624
97787,3.7498
57720,4.6594
18905,0
59193,2.6644
83778,0
93974,0
12522,6.6382
97418,0
8408,0
97068,4.274
19552,0
1510,0
76445,7.1461
45272,13.6302
96235,12.5562
33794,6.2057
81145,5.0556
41463,0
53525,0
90163,3.3584
51287,0
65427,0
67566,0
14991,6.2678
42076,0
8076,0
69161,0
25088,0
56017,1.33
17279,0
45738,0
45845,5.5848
1088,0
37872,0
27701,0
64939,0
76122,4.8161
88662,14.4374
6758,0
91891,2.6329
51569,15.1105
25479,9.966
55360,0
85025,6.5587
77042,11.6439
29979,0
84852,0
64630,2.4178
43814,0
102714,4.6754
68685,0
105087,0
58779,0
91718,0
87329,5.0023
19517,0
103637,5.2296
96259,6.2223
63148,4.5117
11366,11.6839
48119,0
53995,10.0997
99815,11.7815
100496,0
27941,0
15559,14.6578
27116,0
66339,2.1519
54247,0
35328,0
78279,7.2214
1634,0
17386,0
85451,5.2542
33243,0
10227,0
58437,7.1714
95662,6.5948
88803,0
58434,0
45852,0
29130,0
34421,0
62896,0
51900,0
65898,0
7798,0
73386,16.7218
5439,0
72970,0
13917,2.1662
57411,7.0552
85955,0
24662,0
50477,0
72290,0
101441,5.3483
25837,4.8725
36481,0
101758,0
5033,0
99322,0
74158,5.4015
29401,0
34263,8.5115
54204,5.1136
50911,13.6444
41205,0
66656,0
11540,0
11892,3.5475
7482,0
46987,0
4010,3.1425
52226,7.3616
75693,0
57213,0
105465,4.431
35685,7.9155
57602,0
86507,0
4309,0
31481,0
43964,0
82598,8.6897
103259,3.5962
41247,2.5529
14185,1.5461
67909,11.6283
20535,6.8193
101808,0
51735,0
37593,0
61350,0
47730,13.8815
5578,0
91897,0
60827,0
41188,0
64061,6.3725
10150,7.7461
29144,0
22259,0
37899,0
25776,2.9219
20689,5.392
105423,0
20276,0
56349,0
11506,0
37161,9.4293
103676,0
92064,3.2214
77664,0
17089,0
103227,0
34552,8.5918
20618,0
73475,0
8192,2.97
43553,5.2129
5552,10.0592
77335,1.265
59040,18.2111
98391,5.248
57575,2.0081
64478,0
79200,12.2165
33193,22.6134
52117,2.5712
41975,10.7346
90657,0
67310,11.4783
103240,0
49590,2.8359
31066,0
39757,11.5124
38772,0
21529,0
35142,0
41248,6.8979
85995,0
18119,1.8775
72076,0
48109,0
79198,0
17252,4.1467
90580,0
97398,0
43195,0
90924,8.7971
59408,0
68973,0
73394,5.4379
23731,0
78466,6.276
36614,9.7541
64611,0
63407,0
53929,18.7844
19018,0
43619,0
32180,8.8677
21673,0
62830,9.5302
23148,2.5648
68316,8.6887
49314,5.3916
11114,9.5907
93557,7.1447
42314,7.9742
12836,0
55586,8.5157
71672,0
73008,8.7994
10675,14.4618
38175,0
9527,7.9797
48000,0
21385,3.5491
1382,11.2416
77783,3.9571
21188,5.5901
102802,0
44046,5.3754
5317,0
62182,0
35439,0
47607,11.1995
64315,0
62152,0
58103,6.6087
10691,3.8698
3111,0
57828,9.1445
38257,10.2219
28082,0
83703,2.8395
52286,1.5528
15021,6.9163
8931,0
65108,0
11002,0
22434,0
38695,0
75697,13.4934
15182,0
92574,8.2548
44078,8.7402
19988,0
37309,0
43450,10.5982
37439,0
37339,7.68
69474,0
82171,2.1537
98501,7.9673
66522,1.0305
6714,0
28515,20.367
60765,0
64346,0
32887,0
81673,4.5172
36846,0
55045,24.2052
94197,4.2414
1001,0
65892,0
40143,0
36375,11.182
10405,0
54458,22.1143
30634,0
7372,10.6847
76733,0
42045,0
93159,5.9694
12955,5.6172
4372,7.9516
46791,0
35605,0
4458,6.125
47059,9.5702
2306,0
11034,2.5107
47704,0
49497,0
87477,0
10394,13.7714
37335,4.3725
58480,0
64377,0
67037,0
31084,0
10815,0
33476,0
87349,0
37550,0
104513,0
95521,7.3925
72621,6.9824
87612,0
74438,0
10302,0
50718,0
97778,0
46475,8.1655
13664,5.699
7644,7.7794
24407,0
66172,10.4109
92075,0
18359,10.8469
6221,5.3568
68660,0
8496,0
8418,0
51465,5.1842
94275,5.339
70689,0
63317,0
47932,1.6598
29756,13.2269
97504,0.8949
86653,2.4848
81987,0
42157,0
14541,11.8112
19585,0
43657,0
85171,7.6091
45714,0
85992,8.1313
73747,0
82009,0
30141,13.4057
37097,0
89804,0
50698,2.1606
69252,0
3020,2.7401
10616,0
23986,10.3674
70389,0
8853,0
68396,0
26046,7.484
4468,0
78199,0
62596,5.5268
56481,7.586
51657,2.0074
70257,0
48306,0
87871,0
24012,13.9912
23082,0
54628,0
18401,0
12292,0
49978,0
84789,0
17282,6.2613
89530,0
85785,30.2173
94845,0
75813,0
3434,0
86375,6.0841
67904,0
23426,0
42358,0
35878,0
44851,0
13446,0
6933,0
74350,9.3492
21768,13.7202
101433,0
61921,8.7533
24728,17.2915
39219,0
42758,0
20644,0
85861,3.7622
71837,13.9739
2235,0
23993,0
16495,9.0539
51959,1.4126
59236,0
20072,0
89755,0
90325,6.0204
5338,0
91695,0
33586,0
12679,0
30404,3.9243
74561,0
40338,18.2927
14057,0
44699,2.6909
88539,0
77841,0
28745,0
78498,0
73802,0
58097,0
54160,0
11489,0
33439,0
94937,0
22071,7.0343
14364,0
64513,0
3220,0
10517,0
102010,5.1678
67594,0
86677,37.689
23065,0
68073,0
62467,13.6025
54784,0
70660,12.5583
11797,0
44860,0
52010,6.4293
92412,0
49925,2.3329
9587,0
55031,3.4586
95198,0
69134,0
67021,0
32119,17.7142
92631,0
3816,0
32369,0
26734,19.2806
60288,0
16154,10.6808
29297,0
89527,10.7307
32280,3.2881
59638,0
89536,0
47583,13.9986
77675,9.8511
90617,0
86641,0
63451,0
43354,0
14726,0
32967,8.0804
91791,0
78943,1.2867
39713,0
32258,17.3799
30180,0
39230,0
42275,0
57623,0
5906,0
72388,0
57269,3.7735
12599,0
29814,9.1013
68831,19.957
98396,0
6018,9.5686
15937,7.9471
32325,6.5961
99376,12.1674
30741,0
52528,12.3507
21869,0
78932,0
78945,9.0697
63323,0
3806,12.0021
26994,4.0068
13287,14.6825
75404,0
17100,7.6691
6413,0
36559,0
102003,9.2737
95171,0
63800,4.8938
90836,2.161
51549,3.8364
1248,0
16778,0
52783,0
46816,0
46729,21.0421
31890,0
87263,18.8741
46269,0
21254,0
75095,0
36949,6.6803
88019,8.9667
43091,0
43441,0
69353,12.4523
35356,0
73616,0
101490,3.9205
57722,2.2493
2695,11.4992
41117,0
103080,0
51227,6.5675
15780,6.0338
60435,0
57424,0
3984,0
60304,0
105124,0
75185,10.3631
81744,16.691
83219,0
90514,0
5699,10.9926
57243,0
47703,0
50327,0
80933,0
50355,8.7347
81546,8.3756
69602,0
7919,3.3949
42771,0
27055,0
23184,0
94591,0
50925,0
60266,0
32718,11.127
103367,0
90676,0
53104,2.3921
74571,0
32156,0
742,0
57677,0
53537,0
41426,15.0663
65614,0
16623,0
40923,6.5379
9294,5.5921
16204,0
60646,0
24537,0
31919,0
76818,4.6175
95710,5.1523
64636,2.1945
54467,7.2274
38588,0
33781,0
24114,13.3902
42979,11.5646
87095,12.0824
28604,6.2689
242,0
38153,0
52592,0
13507,0
30359,6.2028
36077,0
60446,0
14812,0
80002,10.1393
39780,0
93632,1.6865
19322,0
2310,0
58772,0
19197,0
104783,0
54237,0
68218,5.1927
54563,0
34753,0
14367,6.0862
36103,0
4810,6.4982
2864,7.6857
104647,0
86582,4.8347
92518,5.1001
102656,2.729
31820,0
60060,0
86682,11.6941
18166,0
50010,0
86627,0
52699,9.4159
44809,0
77126,0
100747,15.0355
92831,7.6586
73397,0
89414,0
94302,0
80391,5.2019
2408,7.048
24252,7.9742
28077,0
103500,0
59385,7.641
25832,0
69863,4.2589
22119,6.2806
80259,0
282,0
48989,11.8348
10878,0
84646,5.4318
97695,0
45543,0
41633,4.4089
38927,0
50607,0
61848,0
4398,0
95450,7.014
10706,5.1257
64756,0
64443,14.8876
48900,0
48571,0
73685,0
77377,12.0373
36888,0
62563,0
92775,0
94305,1.7512
86229,4.4604
80417,8.9724
24147,0
62639,1.0761
62934,0
42582,7.5276
88293,0
92971,5.3118
58860,0
71800,0
46174,4.6959
37564,8.7486
97420,2.3105
100055,17.2546
103848,2.1741
19561,0
75658,2.6334
82421,0
11152,0
97558,5.6947
45006,0
77500,0
55197,14.056
18065,0
31833,10.625
7176,0
45195,0
36461,0
104010,0
22116,7.5904
52943,6.2414
92842,11.7434
50864,12.6843
58637,0
74203,4.8656
64086,0
83144,0
89243,10.3818
1383,0
97219,11.8068
99306,0
26809,3.7982
39692,0
25873,6.1458
79745,0
91455,6.7451
92080,0
22715,0
35526,0
77868,1.7558
95258,0
14630,1.5567
68860,7.9007
37362,8.6229
88495,5.7553
100802,5.0955
83235,8.5191
58805,4.2707
4488,6.2386
82562,10.2071
35099,0
1160,0
55368,0
24580,0
17703,6.2177
12355,0
57123,0
58497,7.115
39024,18.9109
67378,9.9045
31496,0
40731,0
39168,16.3683
8077,10.3789
80515,0
3350,0
20027,0
78299,4.7856
27332,0
49576,0
28267,0
66943,5.0598
83579,0
9701,0
39797,0
6687,0
12467,0
55790,0
58254,0
71422,7.1292
16559,9.1765
9160,0
24943,6.9831
104854,0
4139,5.9662
52500,0
85852,5.1687
55125,0
19452,8.2731
12399,4.6547
104666,10.7513
41138,0
100779,3.3986
4741,5.327
18068,0
58585,0
53680,14.3266
63028,0
90987,6.1695
73269,13.5622
2436,0
62832,4.5218
103930,0
101112,0
75506,0
61897,3.5822
6662,0
42294,19.8428
48115,4.1731
50865,9.6791
27466,12.5335
55550,1.2758
95995,0
88551,0
42846,0
89198,4.2498
40840,12.8783
66237,9.1579
40224,0
32194,8.9625
97579,4.4806
68572,1.6541
9100,10.3853
14385,0
1036,0
102624,0
43398,0
20474,7.7078
86986,8.4877
79902,9.2271
45381,5.105
37719,2.7557
75441,2.292
34674,0
57205,0
21866,0
17561,0
80625,11.9674
53265,0
5841,0
52461,0
3807,0
73887,0
13734,14.9529
33138,0
101973,0
22433,30.2092
103523,0
59511,8.6056
101012,4.0058
45292,0
41951,0
24661,0
67617,0
38351,3.087
15378,0
72909,12.5796
4329,0
79112,8.2042
98325,0
88256,18.2175
19414,4.6193
92892,3.5262
89361,0
59054,0
79940,10.8261
23360,0
103601,2.5175
88750,0
7595,0
75208,0
100922,6.8287
11451,5.8702
22096,4.7253
104831,16.9381
40618,0
83896,0
13237,8.2915
44134,8.9221
100629,10.1507
65679,0
77550,0
5983,0
17662,0
71847,0
102539,16.0281
95593,6.856
101194,0
105426,0
8294,0
54578,0
33865,11.9298
22775,2.775
58057,4.302
66815,3.7147
1500,5.8136
45308,0
52629,6.9327
13228,0
43237,5.9592
57573,1.2735
20355,0
15566,0
101932,0
84138,0
21861,7.7742
13970,2.1327
66717,8.2224
57456,14.6137
44661,6.3394
50833,5.378
89202,0
14190,0
40032,8.8811
12240,0
25655,0
9812,0
6087,19.9741
67711,0
7391,5.7706
44069,0
43046,0
72068,3.4612
77364,0
18050,11.7787
36385,0
45658,9.2084
26971,4.1875
74433,0
104742,10.0025
100968,0
84483,0
28135,0
44898,0
100881,0
90371,0
17027,5.6976
96998,4.1681
70262,0
22588,0
52726,9.3107
37186,0
60680,0
26290,0
43624,4.1169
102923,0
74713,13.5751
96596,0
9986,7.0831
65566,0
54344,0
47619,0
81335,16.9796
23533,0
14180,1.8348
49472,0
6877,0
51209,5.111
46696,5.5367
23701,3.1504
27024,0
92748,0
72433,8.36
78668,0
15000,4.7288
82055,3.9231
47042,0
56836,11.864
60373,1.3334
81568,11.5519
81783,0
70693,8.8564
81856,0
102873,0
6106,8.2569
87950,0
96363,6.2838
61805,6.0012
27886,4.2914
50523,10.0815
74879,10.8627
58881,0
90899,7.893
14361,0
40185,0
3250,0
101317,5.7783
76561,20.0708
59234,2.4013
78455,0
30728,9.0191
11628,0
65602,0
82447,0
67899,0
83156,16.6833
84975,0
77711,0
23147,0
47105,16.4184
103310,5.2282
14980,0
95944,4.2722
19916,0.5875
41350,0
5467,0
99959,0
2034,0
65645,2.8189
70673,0
87739,6.0522
31509,0
18837,0
89669,2.6296
93291,7.2815
19185,0
37203,0
20923,5.936
88510,5.4207
80254,2.4966
24876,3.5269
86623,6.42
68602,3.5841
50726,6.9952
80757,0
36592,0
82137,8.9711
101440,8.5853
14285,6.0662
30107,10.8583
39133,0
71969,0
47052,0
70407,0
75568,0
1309,0
104853,0
29583,0
35808,0
85432,0
50520,7.3398
62509,0
21738,0
33315,4.0444
15364,0
36025,0
41406,0
83813,2.2378
14945,0
49523,0
69903,2.5444
3635,7.8542
29727,0
30924,0
10117,0
50479,0
45351,6.3505
62211,0
85883,12.3436
46611,0
12809,4.9942
52877,0
9231,14.6768
79019,0
74403,33.5725
70447,0
80678,0
101477,6.2719
25365,0
20653,0
10156,6.3215
18219,4.382
9114,0
56741,10.258
36165,13.265
25408,0
5528,22.48
24363,6.4855
19710,3.9953
79317,3.4247
26586,4.4516
74827,0
52448,0
3493,0
47819,0
28813,9.3316
76814,8.8549
75964,12.2191
68360,12.6034
105420,0
34814,10.1553
7141,0
2835,0
87849,0
76138,0
10410,20.1089
1764,0
68248,0
64777,0
20512,7.5867
28962,5.9573
102206,0
21825,6.2845
10232,0
82419,0
47197,0
82329,5.0295
19894,0
101591,0
79911,0
38042,14.4728
87327,0
87882,0
96946,0
80848,8.4197
27721,0
13670,20.1971
38716,0
64037,0
51742,4.4358
61422,0
32197,0
37948,4.7516
80030,0
50946,6.6006
36394,9.2299
17547,4.3054
10686,0
2712,9.3748
87350,6.2369
27318,2.5176
98276,12.8433
61399,0
46548,7.3205
25863,7.8974
20976,4.2026
983,0
21318,5.687
105184,0
48730,0
71604,6.6798
60133,4.5122
88070,0
62980,0
59780,0
1,0
43807,7.3811
44660,24.1115
54742,0
97526,0
90977,4.6429
105097,10.0399
104574,0
70127,6.6844
34510,14.3913
91569,0
56574,0
1849,0
17663,0
36688,3.6103
94812,2.7848
80568,0
25747,0
82505,5.9691
69682,0
105140,0
45979,0
30914,0
93987,14.1287
90022,12.6918
76817,0
26565,6.5015
60925,0
20545,3.3501
55535,2.5892
20768,5.5773
25475,0
46758,6.9025
96643,0
73902,0
3267,0
32117,0
99684,5.9326
19107,0
99814,0
17366,0
102937,2.9616
71032,2.9364
85395,0
86594,0
53485,0
84100,0
84589,0
77087,0
91947,0
33727,0
29772,8.5783
84515,0
40294,2.8537
15237,7.3421
51990,0
103257,5.7384
46226,0
25893,0
17009,6.0773
94691,6.6109
101108,0
32756,6.7881
87786,3.6118
92073,15.6373
103183,0
31805,6.2472
8759,6.5597
92609,5.3512
94620,0
31562,0
20792,0
8396,8.9418
75778,0
79314,0
102762,2.3269
5544,0
100691,21.757
55927,0
13178,0
50034,0
17457,0
9324,0
101958,9.3028
52138,8.7879
35233,7.5195
43901,5.802
103053,0
5096,0
88168,7.1785
2808,0
80196,0
74103,0
11652,6.2677
72840,0
50693,2.2465
22037,7.4367
93458,5.277
35432,0
7324,0
10043,9.0883
100637,4.0765
6581,5.5185
29532,0
96955,14.8855
58596,10.0091
66320,0
60573,3.6294
99452,4.2737
83605,0
73842,0
29626,0
103872,0
7889,0
48886,3.3585
33184,6.202
9117,11.1232
50897,0
977,0
20846,0
38876,0
50565,0
79004,0
5397,0
71415,5.9741
21447,0
11766,0
38100,0
97776,0
23322,15.6457
26252,0
100357,0.7393
32970,0
18844,0
66947,0
37054,0
54893,6.2394
81056,4.9269
47520,1.5845
74675,7.2588
1128,0
93622,0
79377,0
59843,7.3959
45561,0
31138,4.7095
10550,0
44131,0
87854,16.1691
102512,9.1548
32792,0
43564,0
27573,4.0169
20338,0
77786,5.027
77394,6.2318
17047,0
56864,0
40319,5.0146
98247,3.919
53824,7.2938
78856,10.788
48921,2.3501
69652,0
63713,0
35258,0
80972,0
2470,5.5492
14939,5.2203
47234,4.9644
34103,0
32487,0
84542,6.2044
68504,4.9906
86085,11.6428
82518,8.784
62435,8.9352
86405,2.3735
29882,9.4758
92517,9.4713
46363,6.8723
31882,6.5905
9973,0
59798,6.0788
62363,16.5829
33565,14.1429
17660,0
102661,8.8969
3268,10.4393
57592,0
49432,0
105147,6.351
7885,0
6629,0
7394,8.1309
87449,0
13848,5.4897
55830,6.6264
46160,11.9282
423,0
68809,2.1569
56858,5.5861
2602,0
33853,0
68757,0
44342,0
32323,9.6665
99143,0
24271,0
55569,0
5441,0
53868,11.5584
97087,0
70737,7.3486
9182,19.7609
47191,0
78995,16.0521
38891,0
72262,0
39313,3.2868
75836,0
65559,0
79812,0
918,0
9785,6.8514
69235,0
101861,0
69453,0
94162,4.9881
22074,7.3793
23436,8.8423
56817,14.5607
31160,0
88523,6.6077
8674,0
82461,13.1703
52045,0
28447,5.2545
74327,21.4661
54095,4.6627
53133,0
75179,10.0657
8700,0
2814,5.5092
102034,0
101022,15.0002
95124,0
85088,0
3792,4.4406
88182,0
42668,0
11760,16.7203
36772,0
68237,0
63091,3.1778
43106,0
36187,7.2489
22392,0
11918,0
38564,0
80400,8.8738
39151,18.9439
10279,0
69645,0
48642,0
99875,0
72632,6.7918
49515,5.1917
31782,0
98477,25.6841
105378,5.6353
104210,0
89701,0
69133,0
52777,16.6187
56650,0
73482,5.2079
52413,17.5358
39774,0
53982,13.3095
7840,0
30679,0
17345,0
98998,5.3643
83516,14.2714
102424,0
55317,8.8806
29051,0
78931,0
66030,0
33756,0
91836,0
31108,0
39149,16.3602
23275,1.205
26866,0
102091,6.1745
85305,0
16892,5.5607
75823,7.2882
12035,0
79740,0
54340,4.7963
26518,1.4423
28249,27.076
29579,5.1494
97681,1.1933
12913,1.9978
21675,11.5864
71527,0
74213,0
99936,6.6889
81051,12.2855
104639,0
45318,0.6441
29333,0
19656,0
14614,0
49038,0
16995,0
56694,0
37562,0
85217,0
731,0
37644,8.0216
70051,0
7510,7.8624
69359,0
80088,0
13184,14.9677
78840,0
58590,8.5891
9924,10.8516
33643,0
45789,4.9092
70117,0
43855,9.3013
78378,0
95898,0
38392,0
26433,4.3268
56028,1.8012
5045,14.8019
33219,8.7483
95895,0
102274,0
92036,8.4336
41848,0
6944,0
622,0
102941,6.0545
3,7.3545
22764,0
1646,0
64994,14.39
43187,0
37881,15.7337
102452,0
98323,0
80652,0
48545,0
13800,5.9594
104031,0
34120,2.5551
44745,0
103135,0
3125,4.3364
96105,0
92865,0
100112,0
82658,14.1524
4562,14.0593
104662,0
19359,0
50023,9.687
73998,0
11413,4.9347
84936,4.3959
94224,0
59808,6.4009
74520,0
50455,0
71625,0
57354,0
17709,0
13217,36.9286
47437,8.986
4339,3.0873
35694,8.6383
20051,9.1656
21587,3.5077
41437,0
44153,0
77822,12.3627
92854,0
42145,1.8547
33626,0
75952,0
64099,0
21753,20.1867
4838,17.1707
724,1.6168
24298,0
17437,0
70703,0
17482,0
99809,0
98091,8.2359
27362,11.1264
28091,0
3581,0
33364,8.3934
13289,0
66701,0
29922,0
100896,14.8526
15740,4.4838
67709,0
3134,0
587,0
90262,3.6382
20755,1.4517
42722,5.4481
21253,8.1482
74987,0
20965,0
32519,0
73428,16.7416
49549,7.0034
62487,0
6571,3.3978
18518,0
89232,0
67034,13.705
56773,0
45927,17.2571
74511,0
51901,0
38004,4.5067
57926,8.5923
58120,6.9823
34723,4.7507
55090,0
75776,0
8799,0
105145,0
48507,11.6724
61868,9.1502
45616,0
15960,0
86066,17.3293
40267,0
90423,0
73547,0
2725,7.8734
48544,15.4125
28946,5.5
83190,9.9192
32741,0
30702,0
35311,0
104983,0
39751,0
79774,0
36153,0
86776,3.3255
23402,0
62296,0
97432,0
31542,8.2143
35599,0
19718,0
94531,0
58737,0
35830,0
26719,0
73944,0
71238,0
64720,0
32176,4.4037
98438,0
18605,0
72098,3.8462
76854,0
65557,0
56502,11.2241
51932,0
86441,7.2558
26723,2.1678
65450,10.1273
40570,0
57095,0
52003,9.1495
92992,7.7945
93039,0
89677,0
69762,2.7211
49627,9.9116
55029,0
5695,0
46218,1.9016
85400,0
85744,14.7644
89778,0
48627,8.2513
29471,0
21173,21.2341
57008,7.2129
16771,5.0493
57740,0
2465,0
99950,8.2366
33272,0
66422,0
77275,9.338
71545,8.3392
7572,0
22726,0
24944,4.4311
97361,2.7981
102239,0
87053,4.5203
28956,0
7706,7.0963
65489,0
82147,0
86237,0
101983,0
42473,3.4569
97590,2.1092
39197,9.0542
80213,6.4522
4056,0
82339,5.9269
58371,9.7648
93426,0
86271,0
67306,0
87921,0
57791,0
53798,2.9175
92762,0
99547,0
52912,0
79319,4.7758
86137,0
77996,4.7493
54668,0
33801,4.4686
11392,0
74728,11.0611
98738,18.4655
45382,0
29564,0
91970,3.8968
27950,0
23162,19.8768
86290,11.3405
60538,0
7673,5.7413
67846,0
55313,0
100266,0
103867,0
72709,3.6399
30419,22.7545
77405,0
71070,6.6797
83322,0
76540,32.4402
69530,8.8583
103079,6.5164
68978,0
37996,0
7728,9.1129
26687,0
101751,6.2375
30205,0
56688,5.5975
16806,0
6078,8.1866
36294,9.5122
68220,0
51195,0
52601,0
24060,17.7052
53109,0
104534,0
91568,4.1293
58801,4.6663
51766,8.6814
90024,19.9141
72823,8.214
52459,0
52515,13.9059
23020,4.6907
105440,0
97394,0
49071,11.5452
63334,0
6194,0
52701,0
29768,9.4034
67038,0
15283,2.6327
99676,2.2083
27989,4.2437
50458,0
5059,0
61,0
24188,0
38884,0
90493,6.1966
36961,18.6449
63655,0
68362,0
84777,10.3636
96831,15.819
28884,15.2102
89365,0
52008,5.5619
71913,3.8137
44533,6.1409
45454,5.6009
105342,0
42726,0
46953,0
30086,0
609,0
20901,0
84819,9.3448
92787,9.0823
76416,6.0966
30835,0
23954,6.4272
65304,4.5892
93126,4.3512
22661,8.0167
46356,0
40677,0
1604,0
17022,0
49048,14.5068
11480,0
3102,13.132
69666,0
29036,0
46197,0
74533,0
96396,0
50151,0
76553,8.9063
29410,7.8457
82155,2.3511
79213,0
39446,7.0528
103071,0
64974,2.7083
96465,0
81796,24.9481
87242,10.4307
21029,0
42761,7.7417
4665,0
1010,0
7910,0
55470,0
42547,13.7689
60594,0
60698,0.9021
43772,0
29767,0
728,0
19360,8.5361
30709,9.0301
847,0
63772,2.8915
18462,0
7508,0
40778,0
31563,3.9222
47266,0
71638,0
40402,0
17593,14.9889
56824,4.8992
86783,3.8699
12251,3.2457
33101,0
89798,0
69880,0
14510,14.2788
69891,0
34968,2.0219
72853,0
53047,0
64423,0
9044,6.1132
21552,0
91974,8.4739
43590,6.3651
12388,0
67278,0
51246,6.3277
38458,12.1737
32866,0
101568,0
95556,12.1161
87759,0
43040,2.6262
23699,16.7542
60343,0
48061,0
32012,18.66
50139,3.419
5796,0
96481,5.7106
72622,0
20875,0
26481,0
51413,0
63979,6.2416
101668,3.9924
36421,0
102924,0
63440,0
45488,0
24248,0
4381,5.2941
9326,0
22447,7.6939
20697,4.9692
18048,0
30808,14.2556
55218,0
10055,3.1984
24918,0
77383,12.2576
102709,7.2693
92345,0
16426,9.3483
66560,12.322
96869,4.8538
40832,14.2349
18573,8.5351
101455,5.2919
51833,13.3168
70901,0
21302,0
4856,0
34750,4.9756
61141,3.5079
18191,0
40635,0
70128,0
61958,0
69056,0
18988,6.8391
52829,9.7644
37914,5.2312
76171,0
63393,0
54538,0
81861,0
104614,0
31378,10.1263
65361,0
22994,12.5268
78479,2.3851
15260,11.4208
102774,0
80120,0
4399,10.8925
20302,5.5022
50271,4.7047
3006,2.8614
91658,5.4582
57384,19.1535
32595,11.1479
59071,4.7872
44683,8.7902
50473,15.8056
41589,11.1976
29464,0
49197,12.7149
23081,0
50881,0
14164,0
31260,0
88263,0
94454,0
22990,16.0004
32893,0
19303,0
82655,8.2624
31878,0
45178,0
25422,0
34791,2.7443
21696,0.8395
13823,3.4823
58387,0
30466,0
63588,0
1582,8.0513
57236,0
49382,7.9091
62119,7.397
30329,30.3135
82934,0
9998,7.0718
29645,12.2332
69022,0
73064,7.3887
97619,6.5523
87049,3.3424
72288,0
91520,4.4051
87127,0
57637,3.3575
16409,0
52878,0
98668,0
70012,0
49442,0
18651,5.6952
38123,0
46388,12.0457
375,16.4375
92448,7.505
66191,0
39175,7.608
56412,5.5956
95564,0
1889,4.6902
47348,0
96757,9.1412
44448,0
53059,0
81899,0
60008,8.8509
84757,7.9102
97843,20.9226
5672,7.4427
60245,0
48305,0
75460,13.089
46761,13.3049
97458,0
19019,0
58105,0
913,0
90674,6.4011
57869,6.4674
90953,6.7782
63575,9.47
67053,0
52228,0
45062,0
51722,0
82392,11.6253
9178,0
90216,0
24727,9.9716
75412,5.3822
3668,0
78749,0
58114,0
98982,0
50394,0
49441,0
87089,0
94678,0
43172,0
4607,0
65439,0
24617,0
67367,0
62083,10.2985
62228,23.2875
103269,0
25723,9.6
61768,4.2644
104042,13.7031
28838,0
36299,8.8571
8910,5.2919
88164,3.4345
29957,3.5456
18181,0
90554,2.9233
83741,11.6794
69671,5.8688
18601,0
10113,0
60948,0
77999,2.4785
2492,0
30222,10.1242
101606,9.6571
61005,3.478
81833,5.9522
32212,0
76895,0
32606,0
56013,0
20554,0
59259,0
11711,0
4852,8.1426
58210,3.6678
58274,0
46790,0
23535,2.0745
11099,0
39716,0
18322,0
79841,24.2251
27741,0
99341,0
101086,0
93414,0
63030,5.1941
23265,4.0794
95078,0
97270,0
65234,0.9535
42215,0
69248,0
65853,8.4573
1414,22.9443
84929,0
63522,0
58904,0
69037,0
78967,0
40071,0
28087,0
98166,0
55100,0
15088,0
86091,0
49350,0
30983,6.4096
61605,0
81549,2.6761
63637,0
11084,7.2809
35291,4.6452
79279,0
48720,0
57501,0
59451,0
28520,0
9867,4.6619
70432,0
91328,17.119
41876,0
82510,8.3865
87273,0
96711,0
92309,3.2105
64226,0
1457,1.2095
78554,5.9284
55066,1.2845
44164,0
70490,0
9425,10.9378
102943,0
44356,5.2318
39074,10.0561
23976,4.1425
90896,11.6447
44245,0
30349,5.3841
89508,0
100806,3.3155
42933,0
14335,0
21015,3.6023
75094,0
104414,5.7842
19474,0
36214,0
25639,6.5864
32339,0
83386,6.9244
73768,14.6432
77839,0
68371,0
101740,12.7619
80215,1.0284
86614,0
22427,12.9677
9071,4.7395
45129,0
56201,0
15602,3.1953
102444,2.9336
80855,0
102551,11.0138
12945,0
91452,0
42216,0
67922,0
40591,0
1554,2.4682
17480,0
44732,0
76672,9.4629
30297,2.6809
21693,3.6228
87946,0
102715,1.2497
102835,0
63616,8.6526
68469,12.3399
6542,5.3215
71458,2.7891
81298,0
90507,0
20867,0
3386,0
31069,0
21276,0
46780,0
70626,7.3233
39510,0
80923,0
65703,0
835,0
92019,0
45345,6.3464
18378,1.2405
89618,0
36629,7.195
73997,0
63866,0
44513,0
88257,0
95588,7.9093
68982,0
17640,11.9934
42619,0
104349,9.4775
44503,9.4667
70077,0
5377,0
5663,2.5116
69114,9.402
7859,7.9765
38788,10.0001
28523,7.5009
52559,0
89744,0
76952,0
87975,0
101280,0
66147,0
50256,7.3016
15012,8.2512
62326,0
35374,8.9139
91941,7.9634
88641,7.3381
28624,0
64239,0
9889,0
50606,3.8841
46997,0
66553,6.057
57441,0
85270,0
105072,0
100042,0
84906,0
60157,0
49271,0
75642,7.2044
39526,0
103213,0
35789,0
95793,4.8467
2031,0
13060,1.1679
78789,0
42141,0
2050,0
6397,15.4803
30834,0
14745,5.5708
12874,0
24170,4.9703
76343,0
99050,0
92477,0
104571,0
55063,0
2200,3.7602
83262,4.0912
55460,0
73183,0
54119,14.8877
62443,0
40235,0
61867,3.6001
66276,7.7109
34855,0
69971,16.0534
40566,2.4753
68037,0
52115,4.4486
62215,0
80324,5.4634
12026,0
64194,0
101447,0
2939,0
30009,16.4953
89854,3.444
76877,4.5647
6266,3.9589
92579,4.6786
8935,0
68060,0.8494
85220,0
94284,6.9419
73298,0
77339,5.61
87463,8.3051
8851,0
38640,0
44121,4.2721
38342,13.5566
91218,0
49557,0
76700,8.1354
13887,0
54832,2.7647
35046,0
81476,9.0454
6780,3.7943
89692,8.8998
32705,4.4206
73771,9.2453
50796,15.9121
104106,7.6259
62483,0
59311,10.4764
2067,0
46282,1.9121
82595,3.6007
23250,11.5955
89844,0
42062,0
45077,5.2713
11853,0
78350,4.4116
74154,10.967
38283,0
81687,9.598
55872,0
90883,0
95210,0
32554,4.2092
61414,0
16980,0
81497,8.2806
94560,0
26805,0
56021,0
50994,0
94413,11.1326
34181,0
54641,0
7019,0
86240,0
103599,0
12939,10.0045
3262,8.4843
90734,8.1816
96570,0
92370,0
64956,2.6834
425,7.3044
40901,11.8013
39450,7.8368
5996,8.1048
63718,6.5963
64188,0
64314,0
89789,0
7359,0
1298,0
80397,5.3283
74631,0
84154,6.899
87431,0
15744,0
27871,6.6021
98848,0
5706,15.8138
105017,11.0269
104890,6.7565
11603,0
91787,2.4891
66302,0
14767,0
103850,11.2801
74479,10.3716
77239,0
39307,6.5059
26703,6.2781
3425,0
29992,0
92657,19.4751
27819,13.2284
2170,0
28413,0
17476,0
32342,0
28356,11.7234
80376,0
69975,0
75083,0
17700,11.0084
40397,0
103258,8.627
12535,8.6467
11332,0
13552,12.2192
62511,0
84400,15.8294
9647,2.617
99792,0
5284,6.8229
49459,0
79202,0
12337,5.5759
29346,0
42899,3.3336
101798,0
98874,0
17664,0
76935,0
32685,3.3842
41976,16.6373
29019,7.1768
51686,0
10787,0
14079,2.9991
11579,0
50814,8.6364
99156,0
63867,0
90115,0
63387,0
52146,16.3092
45983,0
57581,6.2253
29704,7.3134
97833,0
22815,0
5058,4.3956
95988,6.1898
12749,5.8381
6503,1.9089
60730,8.3074
36145,0
104964,3.5283
104171,0
88065,0
82187,11.2532
67770,0
69402,0
89412,0
34276,0
29565,5.9013
70056,0
66927,0
93242,7.7374
68150,0
76680,12.9815
81713,0
72238,7.5253
36687,12.382
97242,7.1933
59487,0
58180,0
89095,0
88563,0
82039,0
82989,11.1313
49453,0
103058,0
18777,11.0291
67223,0
34809,0
85401,0
75701,0
90629,4.7576
57539,6.2099
64174,0
105414,0
45335,2.6994
42057,0
28340,0
42844,0
65318,0
29604,0
24945,7.1801
68606,0
2698,5.8825
45795,0
33412,0
12821,7.4232
102348,11.1306
36981,10.1221
70792,0
35883,11.5114
6063,0
63213,0
408,7.8464
36764,6.8543
75837,0
19749,0
102064,5.8514
45850,4.3747
95273,6.3616
7458,20.677
29244,13.8612
63115,7.7382
64989,0
97848,0
72045,3.7265
99753,21.058
56136,0
8089,0
75748,15.3123
35315,2.3922
51011,11.3212
14029,6.3441
83757,10.1945
103246,6.2046
55916,0
30633,0
35261,7.5532
82264,12.4281
47816,0
86298,0
58900,0
24090,2.7818
9273,2.7937
90643,7.6377
17147,10.2332
80255,0
77759,17.5173
26530,0
53190,0
70217,0
8640,11.0359
92262,0
69486,0
51089,0
37530,4.3551
71967,0
34867,18.7563
90382,4.3833
50007,0
28681,0
67393,3.1014
86268,8.7193
82918,0
70991,6.8998
7495,8.0056
42133,0
43181,6.0057
76682,0
23058,0
21322,0
47717,0
97237,0
46877,0
10800,12.6213
61516,0
97972,0
12739,4.0496
16278,0
24002,0
59915,0
72092,0
104280,5.5634
42681,0
5702,10.7288
2102,0
26606,28.024
85670,0
35797,0
54239,0
80273,0
52368,3.3977
44335,0
15346,5.5308
103200,3.6668
8292,0.9594
48316,0
6869,0
10557,13.649
91188,4.7554
14426,0
81515,0
70435,0
100403,10.997
95849,4.698
88359,11.9157
25059,6.3943
56665,6.8317
96578,4.4008
25151,0
75773,5.0717
58769,11.6691
29030,3.0433
23867,5.9742
88686,5.9928
1650,6.575
80210,10.3921
102427,0
47996,0
46110,18.0434
67953,0
66318,8.4687
54810,4.8806
93256,0
75712,14.9982
56313,0
81043,0
95117,11.3511
91083,3.4593
90126,0
49672,3.8986
15698,8.8972
52371,0.9633
28099,0
58405,5.6098
22968,0
58209,4.6265
23655,0
21632,14.3309
17043,4.883
89239,5.6444
58649,4.2409
63920,0
912,0
101793,6.7011
46590,0
30380,0
57771,0
67530,0
41179,0
75824,0
48321,0
34222,0
462,0
25048,6.2859
31611,0
26569,14.3601
68448,0
101678,0
2886,0
29856,0
32794,0
80507,0
73619,0
54564,0
10149,7.9762
2936,4.9434
104073,0
5721,0
94761,0
56906,0
46274,8.5062
26786,7.2495
15684,0
101160,6.8015
57796,0
58699,0
46990,0
59841,0
73072,0
27078,7.3135
38750,0
11116,5.7438
1464,8.3123
35562,0
49133,9.6543
85392,0
20863,4.9128
80170,0
22399,0
97930,2.1019
97206,2.0634
98019,0
27809,2.5165
32698,8.5694
45501,4.1597
27591,10.5781
23413,0.6645
64258,0
68182,5.404
35262,0
103189,0
91423,0
76312,0
39050,14.753
70081,0
30285,3.0923
69687,9.3643
85598,0
49021,5.9715
56012,4.5335
66935,0
26063,16.8008
56867,7.0297
7780,3.4793
28039,0
42360,4.556
45274,0
11233,0
101887,0
64893,10.0904
71782,8.9704
25113,0
64164,0
4743,7.431
24214,8.5011
56551,0
61902,2.2842
33267,7.1264
85057,0
83297,0
4718,0
2400,3.8162
64850,10.9243
73279,4.6279
41842,0
20828,10.6508
32079,5.7971
70085,0
76252,0
26936,3.8122
18276,3.7068
102632,0
37945,0
71226,0
8365,0
41267,7.4414
12664,0
70627,16.5769
98218,0
45652,6.8946
43711,22.2755
98210,13.6012
70754,0
28379,6.256
64969,2.8971
69396,0
35077,0
67804,8.5898
65654,0
39831,8.3887
48147,0
78919,0
22954,6.5571
9512,0
81425,0
87705,0
88559,0
32356,0
44440,0
36532,5.4695
78735,0
56054,0
65930,3.2816
2912,3.2004
24413,0
42914,3.3322
42826,0
25965,0
35428,4.8221
43331,0
64439,0
21887,0
79374,10.4715
37104,0
4395,0
18492,11.0237
62206,12.3392
84813,0
68778,0
12123,0
33638,0
49944,0
87373,5.5228
51782,8.6635
87083,6.676
62839,0
60507,0
59771,10.7772
105177,0
99124,9.2823
76358,1.0162
55350,10.8317
80922,0
36847,0
7896,0
86276,17.1335
51524,5.1824
25526,4.2121
61308,11.767
97988,17.5831
40705,0
80263,0
35563,0
85545,4.4652
85486,8.7654
18760,5.3869
97135,0
53346,3.5679
28245,0
49091,11.3225
88384,6.1471
67408,2.6226
20112,13.5837
24213,10.7904
75493,4.913
80457,14.6745
14507,5.627
81117,8.2712
22915,21.2111
46932,13.0891
12878,0
55169,0
53490,11.9764
6245,10.2765
5768,0
4234,1.7557
87371,0
72412,0
95645,5.0763
68977,16.9513
10856,0
37687,18.5205
65017,8.0548
26209,15.0676
79614,2.4885
74617,6.2756
33154,0
13798,3.2345
21584,0
33744,0
75326,0
68506,0
31682,5.3674
60651,0
12184,2.8117
46813,0
96115,0
39216,8.7399
25225,0
42525,9.2447
29226,2.9704
44011,0
12774,0
78424,0
34062,0
57489,4.1435
65135,0
30926,0
92628,0
5627,0
74361,0
16839,11.9575
5356,0
21358,0
3196,0
12806,6.2568
57449,7.7728
82094,8.9565
35787,0
1194,0
89573,0
86359,0
24866,7.8373
103698,0
26070,0
101787,0
65702,0
1002,0
94464,0
15070,0
2427,21.5779
31309,0
77086,0
32443,15.6731
16577,0
35848,12.1775
115,0
57088,4.7969
30706,6.4655
6552,3.3035
2087,0
95069,6.0559
86425,0
18692,0
89148,0
85624,6.8001
39691,0
30111,0
61896,0
25666,17.9595
86749,0
23623,6.637
74031,7.837
12586,0
46500,0
81522,0
65660,0
59733,0
100410,4.4251
25538,6.7753
90640,0
53933,12.0189
67084,0
50526,13.6879
92266,7.0114
87206,4.2977
45471,0
37262,0
35564,16.3733
54092,5.062
31200,0
28961,0
25104,13.8178
82833,8.9102
16308,0
71476,7.9414
79647,2.5877
50367,0
17788,5.2601
88968,6.0788
15299,0
96268,0
88753,0
56734,3.3196
7451,6.0762
69737,0
75579,0
34928,9.5342
63682,0
71151,3.8266
13216,0
97768,0
32802,9.2123
82999,8.0955
428,11.5077
41308,16.3117
47030,2.8798
19060,0
39917,0
19802,0
25806,4.6336
4268,0
2069,0
41806,10.5658
65984,9.7528
75273,4.7414
71112,0
38195,0
18311,0
22781,5.6961
94363,0
73907,0
87615,0
50959,0
21513,0
13828,0
62159,9.8441
28860,0
44832,0
50245,0
66734,0
51374,0
43155,0
28576,0
5196,0
9295,0
17435,0
43681,0
1666,8.2574
50065,21.4983
48293,0
84124,0
35866,0
58560,5.1287
20916,0
61597,3.6494
79243,0
75791,5.1086
65060,0
31930,0
71377,3.4658
16384,11.2768
51022,10.4727
34597,9.4256
24770,6.6707
19241,0
101717,3.0847
12491,0
1170,0
73505,0
53748,0
23659,0
81641,5.9619
20588,0
62337,0
50732,0
74648,10.1853
95429,0
62062,25.057
22144,0
41149,4.1914
78922,0
68741,0
11648,0
48237,0
67583,6.7768
62318,0
91960,6.6572
30316,12.8209
51107,4.0264
21107,16.1063
7376,9.6005
4522,4.2196
4541,0
38121,0
93707,0
53672,1.7367
17550,2.5941
18708,0
26556,0
71664,8.9723
57548,0
89898,12.7774
75240,0
33973,0
77794,9.5494
28872,0
37535,0
86410,0
94615,7.9382
48335,3.7498
21190,13.7283
27934,3.8969
63811,0
26766,0
21307,6.5551
90909,0
87861,0
56531,0
45082,8.99
95367,0
13953,8.7116
28188,14.874
21,0
58749,4.0359
24874,10.973
33703,9.9134
88937,0
95840,0
89680,0
93156,0
83470,12.5703
102484,17.8196
86540,12.1322
15294,8.9959
63664,0
6817,0
32986,0
49629,0
71437,3.8668
103822,0
45478,0
86710,0
65609,0
66996,1.2859
90668,0
20417,0
28088,0
33370,0
90073,0
73453,0
19732,0
86007,30.5819
38504,6.7852
59069,0
94789,0
89476,0
39945,0
59082,2.4887
100758,1.2364
99882,4.4737
67112,7.1168
47364,0
30409,15.0084
66015,5.2469
75726,0
97215,9.5248
59507,4.6694
22549,0
32511,0
95132,7.6404
45150,11.4591
70652,0
66490,0
76073,10.4485
44025,8.0878
41710,0
2114,0
53102,5.6477
29014,0
48038,1.8129
105352,0
7089,0
74841,0
54265,5.8248
68824,0
23573,0
104770,0
55192,3.1909
88986,0
96471,0
103870,0
52447,0
89723,0
74312,3.9139
20988,8.208
97252,0
80859,6.6963
65063,0
8133,5.3298
81864,0
41007,0
48350,0
22502,0
76405,0
65651,0
93568,12.0724
864,7.088
67273,0
97539,2.6824
65675,0
105370,0
98573,0
47811,3.6654
79709,0
48677,0
16272,0
63573,4.0299
88508,4.9197
8019,13.6402
84872,10.4363
16749,0
87359,7.9657
6954,0
71095,0
13925,16.4197
3408,0
84833,4.0863
25418,0
3326,0
53789,0
5626,11.1949
31639,0
43689,6.5567
7810,0
83794,0
82629,0
72442,0
11438,3.8332
17598,0
65967,6.5694
78483,0
87420,0
60255,0
34446,0
24008,0
86239,7.8562
47142,0
58319,2.3536
75772,6.9656
88220,0
65774,5.1135
11549,0
103842,3.9946
17256,4.8581
50416,7.3509
28264,8.6801
91918,0
47564,0
20487,0
51820,9.029
52377,0
58003,6.3077
6721,0
16236,12.3958
55402,0
15787,8.6729
5520,0
32135,0
43935,10.7154
75391,0
53376,6.5834
4724,3.6589
79600,1.4992
39808,10.1366
42940,0
88876,0
37670,0
85793,5.7095
25323,29.0537
51252,9.6465
28160,0
34177,0
49373,20.3444
73097,2.5522
59420,0
29129,0
12438,11.3627
13934,6.0367
44554,20.0113
76755,0
7911,0
21612,16.2491
18943,0
81613,0
94170,0
55004,9.6263
14571,3.6423
69873,7.6564
25849,6.9227
77743,1.3019
85751,10.6043
89161,0
83382,0
15373,15.9162
63694,0
91410,0
52806,21.4232
26707,13.4305
17451,9.0845
26457,33.2777
67878,0
99827,7.9378
16572,0
84606,0
14867,6.0943
102188,7.9863
94759,0
100345,11.4143
17915,0
75558,0
71269,0
8046,0
95209,12.4419
11409,3.7408
54410,0
103590,2.895
41186,0
18899,0
17308,0
12849,1.7931
14417,0
86261,0
58307,0
86423,22.6455
30046,0
18429,0
32618,5.4151
97895,8.1621
26440,0
2066,0
45190,0
66597,0
55303,0
24186,0
55886,5.5858
41090,0
5048,0
52108,0
51496,14.1342
78771,0
87571,5.5448
53513,6.9346
53852,0
49912,0
8259,0
84371,9.1988
25463,0
70973,0
74652,5.1059
10556,4.5363
90199,1.6931
28472,1.7003
44790,0
82993,0
79966,0
58866,1.38
95083,20.4124
54072,16.1786
45619,0
78238,0
45712,6.5764
96606,0
56482,0
43388,0
23855,7.2181
17072,8.545
1521,0
75443,1.4747
6429,5.0002
87508,3.3632
33369,0
89788,0
53022,7.2451
61849,0
97371,6.0403
91840,0
86736,0
26403,17.4747
46830,0
25170,0
22580,0
58897,0
84258,7.2364
56636,0
27703,0
75529,9.0459
35452,0
44314,0
89836,10.0857
76493,0
71572,0
55858,1.667
25295,0
76051,6.8208
73025,0
37173,0
3636,0
37784,0
30563,8.6183
92209,0
43023,3.2708
71905,0
91570,0
88365,10.8958
62319,3.4587
6129,0
92813,0
101492,4.0498
4485,0
148,0
59792,7.2046
62310,0
41576,0
77509,5.4739
93855,0
31429,4.1163
50831,0
23296,0
21868,0
51778,0.9964
62940,0
96779,0
55054,0
14062,0
60055,5.9583
77345,19.9413
98890,0
40679,0
24928,4.1631
103741,11.4357
69438,5.8116
61203,0
54652,6.4499
9752,0
26793,6.1244
25940,0
85330,0
42158,2.5522
86305,0
78640,0
102560,13.1571
89332,8.138
60317,0
47347,0
60063,0
44819,3.8088
51533,0
70818,10.781
27707,0
32658,7.5842
74131,0
23508,0
10891,15.4309
62480,0
43756,0
9934,0
85836,5.4696
35666,0
80995,8.4163
47372,9.3835
41371,0
97127,9.1713
71649,13.2244
40699,4.7132
89083,0
74332,0
7104,4.922
79262,0
85789,14.0611
79002,0
92133,6.4659
34292,0
103757,1.483
12872,0
34807,0
57656,0
12589,5.0828
20127,0
93254,0
79931,0
57179,0
46894,0
88313,13.2844
58272,0.4304
5657,10.947
91125,0
22382,0
15409,0
73956,0
100344,20.2777
23160,0
54819,0
99059,0
44730,0
104094,3.2853
55876,5.5994
73429,7.746
96359,10.2916
35545,0
613,0
52778,17.2378
16936,13.6527
101141,6.0992
73031,7.0176
30364,0
16016,3.023
74106,0
12605,4.5588
100073,0
102423,0
10131,3.4771
93592,15.6485
33960,0
105393,0
75759,0
32712,10.5888
102447,6.3434
14276,6.0163
12828,0
69588,4.7557
70803,0
77413,11.3291
30567,14.3581
61673,0
37349,0
12468,0
68765,0
27675,0
19055,3.1621
2687,1.7795
94027,0
29278,7.3198
43724,0
77109,0
3850,0
78658,7.4476
44036,1.8693
17506,0
63864,0
9728,0
65721,0
23307,0
64249,0
77812,5.2806
42068,9.1737
55873,3.585
68229,0
7745,0
67936,6.4986
75204,0
81256,0
65856,2.9358
43327,0
30756,7.9253
22301,2.1961
1346,0
10837,0
55475,0
69309,0
27035,4.1506
51500,0
70195,0
78451,13.478
83835,0
21286,8.5013
92996,4.2993
45838,0
9625,0
8010,0
76486,6.5379
7504,0
39139,0
32308,6.3254
1696,0
75758,6.5855
83975,5.0662
100291,5.926
56114,0
100362,3.8885
98081,0
101610,0
33069,0
22446,0
68897,2.5348
7922,0
5669,0
69575,0
40980,0
96051,0
42422,3.0621
47169,4.4513
102846,0
26,3.5542
87801,0
47040,4.5497
65252,5.5279
99150,0
97171,6.0457
2271,0
87980,0
86289,12.2302
17239,0
55168,0
102401,0
31614,0
18515,0
83651,0
53167,0
71062,0
93000,15.5625
4374,11.6382
40919,0
46117,5.1426
16735,0
102053,0
51710,0
61480,0
44544,0
11249,0
64967,4.3577
41680,0
61394,8.2652
51140,0
17472,8.9908
69225,0
88390,0
99460,7.0083
69024,0
80828,0
32367,0
83807,0
2990,3.8325
38952,0
17197,0
91591,0
64594,15.2938
104221,4.4877
73203,9.2201
31097,5.7744
67925,0
41555,0
50769,4.2308
83429,0
68380,12.5218
76913,6.4627
104246,0
58731,0
7537,8.5197
93658,3.2543
49670,0
9595,4.2005
9800,0
10818,0
80500,9.4439
10951,0
45600,0
39299,10.9684
43697,0
64311,0
103740,0
39859,0
26056,0
95479,0
65153,0
59557,9.6755
16815,3.7861
93004,0
58465,0
87723,13.6115
823,0
15846,4.5108
46290,0
64072,0
1669,0
95747,0
7320,0
77736,0
63325,0
28321,0
14715,0
1815,0
54021,6.2336
5971,0
52290,0
80775,0
37047,12.7912
10261,7.8381
72159,0
38688,11.298
59183,0
81868,0
79501,0
27474,0
100092,0
102613,8.8099
83031,0
18277,0
33005,0
86163,0
79823,0
38442,0
103096,0
12793,0
20366,2.5429
17135,2.3459
104990,0
580,3.5435
57698,0
2421,5.1895
40199,0
14440,12.405
83817,0
16866,5.6098
15479,0
68012,4.895
25108,8.3118
73667,4.2325
97629,0
75764,0
67400,8.682
37862,0
83528,22.0313
94194,3.7891
68980,0
92085,13.5949
72003,4.1164
44453,0
1899,0
104145,7.8668
103039,0
35024,0
41298,0
28503,6.459
41787,0
64269,0
34678,0
68503,0
51617,0
6161,0
103779,8.0643
56279,19.9949
76971,0
101997,10.5047
20797,0
83649,16.3042
80161,0
14851,0
10660,0
99179,0
34052,0
83559,8.5052
72476,0
89485,0
85309,0
77956,3.6963
77080,0
105275,0
56813,2.6562
69980,0
46512,0
34406,0
28046,0
93550,0
48474,8.4481
42066,0
67632,0
84014,10.9638
87704,0
15890,0
8701,6.3945
54865,0
81093,0
23350,0
64686,8.135
98018,0
36448,0
58129,0
82360,0
11390,5.9251
58173,4.4708
102345,1.7421
85958,0
64668,0
72500,0
102129,0
69917,3.3349
58732,0
10281,0
23131,0
102236,0
14942,7.9062
60425,6.666
43189,0
71662,0
21988,0
21758,6.9004
7268,0
26006,0
83588,0
103907,7.438
99261,0
36003,6.3833
87587,0
19495,3.9187
50766,0
43638,0
37367,8.2249
40280,7.5608
50179,11.6572
84097,0
35845,0
92938,0
65921,3.6804
46926,6.2435
14717,0
45573,15.0441
25123,0
41641,15.0234
11043,0
70937,3.8912
76393,0
6096,0
78842,4.0943
2670,11.873
79890,0
73696,0
9561,13.1435
80226,10.5698
95037,0
61188,0
41988,0
103904,0
41834,0
40876,0
9397,11.6649
6174,24.0468
80356,0
73274,0
8552,0
67175,0
4926,0
85878,10.6161
87687,0
104128,0
20360,1.0627
40116,11.8626
25514,5.3988
89560,0
95692,3.8686
82641,1.9036
43136,0
54039,0
64557,4.6796
48617,0
67544,0
80713,4.0219
50790,0
101032,2.0361
78983,2.5267
22736,0
79999,9.5365
32512,0
60800,9.8031
53828,0
75294,0
11291,7.761
58229,10.3713
67207,10.2661
86496,2.0813
88255,11.6082
71486,4.7251
93193,5.9379
75299,13.4565
24550,0
56034,2.3664
94404,1.8492
52888,5.0388
34648,6.8464
252,0
44427,0
11847,5.9069
55566,6.1826
42111,11.1715
65122,0
15537,0
35902,4.5443
85746,0
69753,0
10770,0
38350,0
101371,0
376,0
87708,0
101789,0
65271,0
64910,0
84715,7.2597
70246,0
98972,3.8049
51085,9.8047
98678,0
6490,16.2356
41440,10.2822
86188,0
85932,8.2318
10972,0
68777,0
12607,3.3389
9965,3.0223
49050,7.623
101439,4.8706
72157,6.7462
94160,0
55723,0
13502,0
61283,4.9389
66174,4.5627
21429,0
79662,0
104858,1.4846
99963,0
72080,0
634,6.1379
42665,10.4577
93505,0
99240,15.5678
103615,6.7299
100270,0
51784,0
60052,8.5282
26040,12.3725
87851,0
58776,0
35293,0
104549,5.9657
4864,14.7357
58561,0
22857,5.2253
24886,0
35371,8.5682
98603,0
94459,7.0018
22224,0
26387,0
15412,0
4997,0
85482,25.7432
86561,8.6353
19067,17.4397
46409,0
61041,3.3552
62196,6.6016
30216,0
32231,0
2006,0
34860,8.3199
75171,0
72457,6.359
28377,6.106
60312,5.6722
73533,0
77197,8.1411
17922,0
6532,0
27456,6.0621
28968,9.2123
90189,0
4419,0
16635,11.0806
88682,0
74368,0
25915,0
86979,0
7712,0
62775,14.1436
23286,2.4742
66508,0
38431,12.8307
35523,0
6501,5.7816
98048,12.223
9932,0
65039,0
78,18.6795
57790,0
68425,0
31244,0
76712,3.1313
82121,12.2701
53646,0
79580,0
79765,0
22112,3.282
62551,2.7066
32175,0
98546,0
54782,0
66678,0
100383,0
66621,1.8047
51417,7.2428
42555,0
79838,11.8724
88254,0
85609,0
70781,0
43801,3.565
53329,9.6572
56590,0
69954,31.4978
20311,0
60393,0
59714,0
27198,0
71407,7.9452
73317,6.9393
59354,39.0289
85288,0
29057,0
96419,0
70543,0
67,0
59641,0
59026,5.8115
66661,0
104139,13.2422
6334,23.5386
87685,8.2376
30667,12.6375
84437,0
26896,0
48307,6.2353
8240,0
72317,0
85425,0
42716,0
86618,0
41449,0
54326,6.5437
73249,0
23768,3.2832
68817,0
16253,0
73917,9.0394
41925,0
82956,6.2791
84861,7.4947
49532,0
11236,0
42452,0
57366,0
67002,0
58197,0
91764,6.9846
102604,0
70836,0
38861,0
4787,0
41887,14.196
63814,0
10385,3.9883
3191,6.5345
76590,0
18571,3.6709
6060,0
43948,0
81032,0
3542,0
73009,0
28706,4.2318
26903,5.905
95926,5.035
36017,10.946
80008,10.371
44690,0
78088,0
73210,0
40000,7.5248
36917,0
94472,5.3486
27955,0
39990,5.2986
17778,4.3429
66991,0
98899,7.1745
15169,0
21936,2.8502
40255,0
12360,0
29338,9.1066
99492,18.6526
23740,2.8293
23912,0
21911,9.7581
54505,8.3953
50172,0
23606,0
62971,0
78247,0
53024,2.4648
1750,0
38584,0
101870,4.5844
63427,0
32608,0
7580,6.0678
32338,0
81000,3.7681
39783,0
20038,0
93910,0
77584,0
87620,13.8981
1107,0
61343,0
39145,9.7226
105159,10.777
100516,8.5533
63041,5.6606
90365,7.1789
13515,10.9872
9716,0
56561,0
8473,0
39787,0
60958,0
2259,8.0926
57389,0
51806,8.9283
65368,35.0917
25785,0
82498,0
96276,0
41861,0
59989,28.0724
61181,0
24421,0
16143,0
10726,15.799
81262,0
92742,0
188,0
65202,0
48981,0
89724,0
34613,0
30689,0
88808,18.6441
80814,0
34800,11.1797
85235,0
20626,20.1211
22283,0
90102,0
37855,0
6566,0
57058,9.8918
20254,13.615
17573,0
100887,0
17178,0
12495,13.5735
29623,0
41187,16.534
12938,6.4851
34602,6.2663
60640,12.7414
53325,0
82429,0
15847,5.3576
66449,3.7614
84884,0
37214,20.0061
1381,11.0341
104580,0
77731,6.4367
66928,0
17420,2.2907
90852,0
57833,0
76630,0
23368,0
57689,6.8441
90527,0
41405,0
54287,12.6495
8948,0
22525,2.5699
55476,13.9934
9553,3.5604
7883,0
39925,0
90014,7.929
19817,0
64804,0
92406,0
70379,0
8730,4.4217
27336,2.6034
30770,0
91289,8.8917
87808,0
24791,8.586
26177,0
68445,0
30186,0
39081,0
63466,7.3485
91241,5.556
81297,2.8595
101311,0
22236,0
38525,0
3296,0
29640,0
39531,0
45277,7.9426
58045,7.1521
43863,0
78532,0
18625,0
19178,7.2378
63909,0
4640,0
11949,3.3542
32037,6.4182
79989,0
68175,0
72374,5.5304
90979,7.5588
18769,4.7682
15574,3.9007
62254,8.5487
102203,0
14063,0
82914,0
78507,0
40122,10.5782
10674,0
95447,2.584
15234,0
37937,4.3527
101342,0
8115,0
94909,0
88869,8.9097
88976,0
47662,0
103807,0
65298,4.5547
22529,0
88048,0
105091,11.438
40684,18.6187
88132,0
13620,6.7238
46996,5.4996
876,0
100450,0
69985,0
33280,0
75675,3.0298
81236,3.8869
105075,0
1104,0
60328,0
22625,0
86999,8.1489
40972,0
37424,0
